file,line,type,commit,author,date,time,timezone,datetime,depth,length
style.css,1,css,185d69aa,Sonya Schloss,2026-04-09,23:08:50,-07:00,2026-04-09T23:08:50-07:00,0,5
style.css,2,css,83e968a0,Sonya Schloss,2026-04-10,14:23:40,-07:00,2026-04-10T14:23:40-07:00,1,42
style.css,3,css,3d795789,Sonya Schloss,2026-05-09,21:06:44,-07:00,2026-05-09T21:06:44-07:00,1,16
style.css,4,css,185d69aa,Sonya Schloss,2026-04-09,23:08:50,-07:00,2026-04-09T23:08:50-07:00,1,32
style.css,5,css,5a96a71b,Sonya Schloss,2026-04-17,15:35:42,-07:00,2026-04-17T15:35:42-07:00,1,23
style.css,6,css,185d69aa,Sonya Schloss,2026-04-09,23:08:50,-07:00,2026-04-09T23:08:50-07:00,0,0
style.css,7,css,5144b7b0,Sonya Schloss,2026-04-01,17:13:19,-07:00,2026-04-01T17:13:19-07:00,0,4
style.css,8,css,5144b7b0,Sonya Schloss,2026-04-01,17:13:19,-07:00,2026-04-01T17:13:19-07:00,1,43
style.css,9,css,5144b7b0,Sonya Schloss,2026-04-01,17:13:19,-07:00,2026-04-01T17:13:19-07:00,0,42
style.css,10,css,5144b7b0,Sonya Schloss,2026-04-01,17:13:19,-07:00,2026-04-01T17:13:19-07:00,0,0
style.css,11,css,5144b7b0,Sonya Schloss,2026-04-01,17:13:19,-07:00,2026-04-01T17:13:19-07:00,1,23
style.css,12,css,3d795789,Sonya Schloss,2026-05-09,21:06:44,-07:00,2026-05-09T21:06:44-07:00,1,26
style.css,13,css,3d795789,Sonya Schloss,2026-05-09,21:06:44,-07:00,2026-05-09T21:06:44-07:00,1,55
style.css,14,css,5144b7b0,Sonya Schloss,2026-04-01,17:13:19,-07:00,2026-04-01T17:13:19-07:00,0,0
style.css,15,css,83e968a0,Sonya Schloss,2026-04-10,14:23:40,-07:00,2026-04-10T14:23:40-07:00,0,12
style.css,16,css,83e968a0,Sonya Schloss,2026-04-10,14:23:40,-07:00,2026-04-10T14:23:40-07:00,1,13
style.css,17,css,5144b7b0,Sonya Schloss,2026-04-01,17:13:19,-07:00,2026-04-01T17:13:19-07:00,1,11
style.css,18,css,185d69aa,Sonya Schloss,2026-04-09,23:08:50,-07:00,2026-04-09T23:08:50-07:00,0,0
style.css,19,css,83e968a0,Sonya Schloss,2026-04-10,14:23:40,-07:00,2026-04-10T14:23:40-07:00,0,2
style.css,20,css,83e968a0,Sonya Schloss,2026-04-10,14:23:40,-07:00,2026-04-10T14:23:40-07:00,1,14
style.css,21,css,83e968a0,Sonya Schloss,2026-04-10,14:23:40,-07:00,2026-04-10T14:23:40-07:00,0,0
style.css,22,css,35546b0b,Sonya Schloss,2026-05-23,16:47:35,-07:00,2026-05-23T16:47:35-07:00,0,1
style.css,23,css,35546b0b,Sonya Schloss,2026-05-23,16:47:35,-07:00,2026-05-23T16:47:35-07:00,0,1
style.css,24,css,35546b0b,Sonya Schloss,2026-05-23,16:47:35,-07:00,2026-05-23T16:47:35-07:00,0,1
style.css,25,css,35546b0b,Sonya Schloss,2026-05-23,16:47:35,-07:00,2026-05-23T16:47:35-07:00,0,1
style.css,26,css,35546b0b,Sonya Schloss,2026-05-23,16:47:35,-07:00,2026-05-23T16:47:35-07:00,0,1
style.css,27,css,35546b0b,Sonya Schloss,2026-05-23,16:47:35,-07:00,2026-05-23T16:47:35-07:00,0,2
style.css,28,css,83e968a0,Sonya Schloss,2026-04-10,14:23:40,-07:00,2026-04-10T14:23:40-07:00,1,15
style.css,29,css,83e968a0,Sonya Schloss,2026-04-10,14:23:40,-07:00,2026-04-10T14:23:40-07:00,1,17
style.css,30,css,83e968a0,Sonya Schloss,2026-04-10,14:23:40,-07:00,2026-04-10T14:23:40-07:00,0,0
style.css,31,css,c7f4d7b9,Sonya Schloss,2026-04-25,16:27:35,-07:00,2026-04-25T16:27:35-07:00,0,11
style.css,32,css,c7f4d7b9,Sonya Schloss,2026-04-25,16:27:35,-07:00,2026-04-25T16:27:35-07:00,1,14
style.css,33,css,c7f4d7b9,Sonya Schloss,2026-04-25,16:27:35,-07:00,2026-04-25T16:27:35-07:00,0,0
style.css,34,css,185d69aa,Sonya Schloss,2026-04-09,23:08:50,-07:00,2026-04-09T23:08:50-07:00,0,15
style.css,35,css,185d69aa,Sonya Schloss,2026-04-09,23:08:50,-07:00,2026-04-09T23:08:50-07:00,0,3
style.css,36,css,5a96a71b,Sonya Schloss,2026-04-17,15:35:42,-07:00,2026-04-17T15:35:42-07:00,1,39
style.css,37,css,185d69aa,Sonya Schloss,2026-04-09,23:08:50,-07:00,2026-04-09T23:08:50-07:00,1,12
style.css,38,css,185d69aa,Sonya Schloss,2026-04-09,23:08:50,-07:00,2026-04-09T23:08:50-07:00,1,18
style.css,39,css,185d69aa,Sonya Schloss,2026-04-09,23:08:50,-07:00,2026-04-09T23:08:50-07:00,1,24
style.css,40,css,185d69aa,Sonya Schloss,2026-04-09,23:08:50,-07:00,2026-04-09T23:08:50-07:00,1,17
style.css,41,css,5a96a71b,Sonya Schloss,2026-04-17,15:35:42,-07:00,2026-04-17T15:35:42-07:00,1,43
style.css,42,css,185d69aa,Sonya Schloss,2026-04-09,23:08:50,-07:00,2026-04-09T23:08:50-07:00,0,0
style.css,43,css,185d69aa,Sonya Schloss,2026-04-09,23:08:50,-07:00,2026-04-09T23:08:50-07:00,0,5
style.css,44,css,185d69aa,Sonya Schloss,2026-04-09,23:08:50,-07:00,2026-04-09T23:08:50-07:00,1,6
style.css,45,css,185d69aa,Sonya Schloss,2026-04-09,23:08:50,-07:00,2026-04-09T23:08:50-07:00,1,20
style.css,46,css,185d69aa,Sonya Schloss,2026-04-09,23:08:50,-07:00,2026-04-09T23:08:50-07:00,1,13
style.css,47,css,185d69aa,Sonya Schloss,2026-04-09,23:08:50,-07:00,2026-04-09T23:08:50-07:00,1,17
style.css,48,css,185d69aa,Sonya Schloss,2026-04-09,23:08:50,-07:00,2026-04-09T23:08:50-07:00,1,13
style.css,49,css,185d69aa,Sonya Schloss,2026-04-09,23:08:50,-07:00,2026-04-09T23:08:50-07:00,0,0
style.css,50,css,185d69aa,Sonya Schloss,2026-04-09,23:08:50,-07:00,2026-04-09T23:08:50-07:00,0,13
style.css,51,css,5a96a71b,Sonya Schloss,2026-04-17,15:35:42,-07:00,2026-04-17T15:35:42-07:00,1,45
style.css,52,css,185d69aa,Sonya Schloss,2026-04-09,23:08:50,-07:00,2026-04-09T23:08:50-07:00,1,20
style.css,53,css,185d69aa,Sonya Schloss,2026-04-09,23:08:50,-07:00,2026-04-09T23:08:50-07:00,0,0
style.css,54,css,185d69aa,Sonya Schloss,2026-04-09,23:08:50,-07:00,2026-04-09T23:08:50-07:00,0,11
style.css,55,css,5a96a71b,Sonya Schloss,2026-04-17,15:35:42,-07:00,2026-04-17T15:35:42-07:00,1,69
style.css,56,css,185d69aa,Sonya Schloss,2026-04-09,23:08:50,-07:00,2026-04-09T23:08:50-07:00,1,45
style.css,57,css,185d69aa,Sonya Schloss,2026-04-09,23:08:50,-07:00,2026-04-09T23:08:50-07:00,1,20
style.css,58,css,185d69aa,Sonya Schloss,2026-04-09,23:08:50,-07:00,2026-04-09T23:08:50-07:00,0,0
style.css,59,css,185d69aa,Sonya Schloss,2026-04-09,23:08:50,-07:00,2026-04-09T23:08:50-07:00,0,24
style.css,60,css,35546b0b,Sonya Schloss,2026-05-23,16:47:35,-07:00,2026-05-23T16:47:35-07:00,0,4
style.css,61,css,35546b0b,Sonya Schloss,2026-05-23,16:47:35,-07:00,2026-05-23T16:47:35-07:00,0,7
style.css,62,css,35546b0b,Sonya Schloss,2026-05-23,16:47:35,-07:00,2026-05-23T16:47:35-07:00,0,5
style.css,63,css,35546b0b,Sonya Schloss,2026-05-23,16:47:35,-07:00,2026-05-23T16:47:35-07:00,0,6
style.css,64,css,35546b0b,Sonya Schloss,2026-05-23,16:47:35,-07:00,2026-05-23T16:47:35-07:00,1,12
style.css,65,css,185d69aa,Sonya Schloss,2026-04-09,23:08:50,-07:00,2026-04-09T23:08:50-07:00,0,0
style.css,66,css,185d69aa,Sonya Schloss,2026-04-09,23:08:50,-07:00,2026-04-09T23:08:50-07:00,0,4
style.css,67,css,185d69aa,Sonya Schloss,2026-04-09,23:08:50,-07:00,2026-04-09T23:08:50-07:00,1,12
style.css,68,css,185d69aa,Sonya Schloss,2026-04-09,23:08:50,-07:00,2026-04-09T23:08:50-07:00,1,30
style.css,69,css,185d69aa,Sonya Schloss,2026-04-09,23:08:50,-07:00,2026-04-09T23:08:50-07:00,1,9
style.css,70,css,185d69aa,Sonya Schloss,2026-04-09,23:08:50,-07:00,2026-04-09T23:08:50-07:00,1,5
style.css,71,css,185d69aa,Sonya Schloss,2026-04-09,23:08:50,-07:00,2026-04-09T23:08:50-07:00,2,12
style.css,72,css,185d69aa,Sonya Schloss,2026-04-09,23:08:50,-07:00,2026-04-09T23:08:50-07:00,2,29
style.css,73,css,185d69aa,Sonya Schloss,2026-04-09,23:08:50,-07:00,2026-04-09T23:08:50-07:00,2,18
style.css,74,css,185d69aa,Sonya Schloss,2026-04-09,23:08:50,-07:00,2026-04-09T23:08:50-07:00,1,0
style.css,75,css,185d69aa,Sonya Schloss,2026-04-09,23:08:50,-07:00,2026-04-09T23:08:50-07:00,1,6
style.css,76,css,185d69aa,Sonya Schloss,2026-04-09,23:08:50,-07:00,2026-04-09T23:08:50-07:00,2,18
style.css,77,css,185d69aa,Sonya Schloss,2026-04-09,23:08:50,-07:00,2026-04-09T23:08:50-07:00,1,0
style.css,78,css,185d69aa,Sonya Schloss,2026-04-09,23:08:50,-07:00,2026-04-09T23:08:50-07:00,0,0
style.css,79,css,83e968a0,Sonya Schloss,2026-04-10,14:23:40,-07:00,2026-04-10T14:23:40-07:00,0,25
style.css,80,css,83e968a0,Sonya Schloss,2026-04-10,14:23:40,-07:00,2026-04-10T14:23:40-07:00,0,9
style.css,81,css,83e968a0,Sonya Schloss,2026-04-10,14:23:40,-07:00,2026-04-10T14:23:40-07:00,1,12
style.css,82,css,83e968a0,Sonya Schloss,2026-04-10,14:23:40,-07:00,2026-04-10T14:23:40-07:00,1,58
style.css,83,css,83e968a0,Sonya Schloss,2026-04-10,14:23:40,-07:00,2026-04-10T14:23:40-07:00,1,32
style.css,84,css,83e968a0,Sonya Schloss,2026-04-10,14:23:40,-07:00,2026-04-10T14:23:40-07:00,0,0
style.css,85,css,83e968a0,Sonya Schloss,2026-04-10,14:23:40,-07:00,2026-04-10T14:23:40-07:00,0,17
style.css,86,css,83e968a0,Sonya Schloss,2026-04-10,14:23:40,-07:00,2026-04-10T14:23:40-07:00,1,12
style.css,87,css,83e968a0,Sonya Schloss,2026-04-10,14:23:40,-07:00,2026-04-10T14:23:40-07:00,1,26
style.css,88,css,83e968a0,Sonya Schloss,2026-04-10,14:23:40,-07:00,2026-04-10T14:23:40-07:00,1,15
style.css,89,css,83e968a0,Sonya Schloss,2026-04-10,14:23:40,-07:00,2026-04-10T14:23:40-07:00,0,0
style.css,90,css,83e968a0,Sonya Schloss,2026-04-10,14:23:40,-07:00,2026-04-10T14:23:40-07:00,0,12
style.css,91,css,83e968a0,Sonya Schloss,2026-04-10,14:23:40,-07:00,2026-04-10T14:23:40-07:00,1,8
style.css,92,css,83e968a0,Sonya Schloss,2026-04-10,14:23:40,-07:00,2026-04-10T14:23:40-07:00,0,0
style.css,93,css,83e968a0,Sonya Schloss,2026-04-10,14:23:40,-07:00,2026-04-10T14:23:40-07:00,0,11
style.css,94,css,83e968a0,Sonya Schloss,2026-04-10,14:23:40,-07:00,2026-04-10T14:23:40-07:00,1,12
style.css,95,css,8041c0b9,Sonya Schloss,2026-04-30,16:38:27,-07:00,2026-04-30T16:38:27-07:00,1,19
style.css,96,css,8041c0b9,Sonya Schloss,2026-04-30,16:38:27,-07:00,2026-04-30T16:38:27-07:00,0,0
style.css,97,css,8041c0b9,Sonya Schloss,2026-04-30,16:38:27,-07:00,2026-04-30T16:38:27-07:00,0,24
style.css,98,css,8041c0b9,Sonya Schloss,2026-04-30,16:38:27,-07:00,2026-04-30T16:38:27-07:00,1,31
style.css,99,css,8041c0b9,Sonya Schloss,2026-04-30,16:38:27,-07:00,2026-04-30T16:38:27-07:00,1,17
style.css,100,css,8041c0b9,Sonya Schloss,2026-04-30,16:38:27,-07:00,2026-04-30T16:38:27-07:00,1,25
style.css,101,css,8041c0b9,Sonya Schloss,2026-04-30,16:38:27,-07:00,2026-04-30T16:38:27-07:00,1,21
style.css,102,css,8041c0b9,Sonya Schloss,2026-04-30,16:38:27,-07:00,2026-04-30T16:38:27-07:00,1,19
style.css,103,css,83e968a0,Sonya Schloss,2026-04-10,14:23:40,-07:00,2026-04-10T14:23:40-07:00,0,0
style.css,104,css,c7f4d7b9,Sonya Schloss,2026-04-25,16:27:35,-07:00,2026-04-25T16:27:35-07:00,0,13
style.css,105,css,c7f4d7b9,Sonya Schloss,2026-04-25,16:27:35,-07:00,2026-04-25T16:27:35-07:00,1,10
style.css,106,css,c7f4d7b9,Sonya Schloss,2026-04-25,16:27:35,-07:00,2026-04-25T16:27:35-07:00,1,19
style.css,107,css,c7f4d7b9,Sonya Schloss,2026-04-25,16:27:35,-07:00,2026-04-25T16:27:35-07:00,1,16
style.css,108,css,c7f4d7b9,Sonya Schloss,2026-04-25,16:27:35,-07:00,2026-04-25T16:27:35-07:00,0,0
style.css,109,css,8041c0b9,Sonya Schloss,2026-04-30,16:38:27,-07:00,2026-04-30T16:38:27-07:00,0,18
style.css,110,css,8041c0b9,Sonya Schloss,2026-04-30,16:38:27,-07:00,2026-04-30T16:38:27-07:00,1,14
style.css,111,css,8041c0b9,Sonya Schloss,2026-04-30,16:38:27,-07:00,2026-04-30T16:38:27-07:00,1,16
style.css,112,css,8041c0b9,Sonya Schloss,2026-04-30,16:38:27,-07:00,2026-04-30T16:38:27-07:00,1,16
style.css,113,css,8041c0b9,Sonya Schloss,2026-04-30,16:38:27,-07:00,2026-04-30T16:38:27-07:00,0,0
style.css,114,css,8041c0b9,Sonya Schloss,2026-04-30,16:38:27,-07:00,2026-04-30T16:38:27-07:00,0,7
style.css,115,css,8041c0b9,Sonya Schloss,2026-04-30,16:38:27,-07:00,2026-04-30T16:38:27-07:00,1,12
style.css,116,css,8041c0b9,Sonya Schloss,2026-04-30,16:38:27,-07:00,2026-04-30T16:38:27-07:00,1,57
style.css,117,css,8041c0b9,Sonya Schloss,2026-04-30,16:38:27,-07:00,2026-04-30T16:38:27-07:00,1,7
style.css,118,css,8041c0b9,Sonya Schloss,2026-04-30,16:38:27,-07:00,2026-04-30T16:38:27-07:00,1,11
style.css,119,css,8041c0b9,Sonya Schloss,2026-04-30,16:38:27,-07:00,2026-04-30T16:38:27-07:00,1,16
style.css,120,css,8041c0b9,Sonya Schloss,2026-04-30,16:38:27,-07:00,2026-04-30T16:38:27-07:00,1,41
style.css,121,css,8041c0b9,Sonya Schloss,2026-04-30,16:38:27,-07:00,2026-04-30T16:38:27-07:00,1,19
style.css,122,css,8041c0b9,Sonya Schloss,2026-04-30,16:38:27,-07:00,2026-04-30T16:38:27-07:00,1,15
style.css,123,css,8041c0b9,Sonya Schloss,2026-04-30,16:38:27,-07:00,2026-04-30T16:38:27-07:00,1,6
style.css,124,css,8041c0b9,Sonya Schloss,2026-04-30,16:38:27,-07:00,2026-04-30T16:38:27-07:00,0,0
style.css,125,css,8041c0b9,Sonya Schloss,2026-04-30,16:38:27,-07:00,2026-04-30T16:38:27-07:00,0,0
style.css,126,css,8041c0b9,Sonya Schloss,2026-04-30,16:38:27,-07:00,2026-04-30T16:38:27-07:00,0,12
style.css,127,css,8041c0b9,Sonya Schloss,2026-04-30,16:38:27,-07:00,2026-04-30T16:38:27-07:00,1,12
style.css,128,css,8041c0b9,Sonya Schloss,2026-04-30,16:38:27,-07:00,2026-04-30T16:38:27-07:00,1,18
style.css,129,css,8041c0b9,Sonya Schloss,2026-04-30,16:38:27,-07:00,2026-04-30T16:38:27-07:00,1,9
style.css,130,css,8041c0b9,Sonya Schloss,2026-04-30,16:38:27,-07:00,2026-04-30T16:38:27-07:00,0,0
style.css,131,css,8041c0b9,Sonya Schloss,2026-04-30,16:38:27,-07:00,2026-04-30T16:38:27-07:00,0,0
style.css,132,css,8041c0b9,Sonya Schloss,2026-04-30,16:38:27,-07:00,2026-04-30T16:38:27-07:00,0,7
style.css,133,css,8041c0b9,Sonya Schloss,2026-04-30,16:38:27,-07:00,2026-04-30T16:38:27-07:00,1,20
style.css,134,css,8041c0b9,Sonya Schloss,2026-04-30,16:38:27,-07:00,2026-04-30T16:38:27-07:00,1,9
style.css,135,css,8041c0b9,Sonya Schloss,2026-04-30,16:38:27,-07:00,2026-04-30T16:38:27-07:00,1,18
style.css,136,css,8041c0b9,Sonya Schloss,2026-04-30,16:38:27,-07:00,2026-04-30T16:38:27-07:00,1,29
style.css,137,css,8041c0b9,Sonya Schloss,2026-04-30,16:38:27,-07:00,2026-04-30T16:38:27-07:00,1,19
style.css,138,css,8041c0b9,Sonya Schloss,2026-04-30,16:38:27,-07:00,2026-04-30T16:38:27-07:00,1,13
style.css,139,css,8041c0b9,Sonya Schloss,2026-04-30,16:38:27,-07:00,2026-04-30T16:38:27-07:00,1,26
style.css,140,css,8041c0b9,Sonya Schloss,2026-04-30,16:38:27,-07:00,2026-04-30T16:38:27-07:00,0,0
style.css,141,css,8041c0b9,Sonya Schloss,2026-04-30,16:38:27,-07:00,2026-04-30T16:38:27-07:00,0,10
style.css,142,css,8041c0b9,Sonya Schloss,2026-04-30,16:38:27,-07:00,2026-04-30T16:38:27-07:00,1,12
style.css,143,css,8041c0b9,Sonya Schloss,2026-04-30,16:38:27,-07:00,2026-04-30T16:38:27-07:00,1,18
style.css,144,css,8041c0b9,Sonya Schloss,2026-04-30,16:38:27,-07:00,2026-04-30T16:38:27-07:00,1,7
style.css,145,css,8041c0b9,Sonya Schloss,2026-04-30,16:38:27,-07:00,2026-04-30T16:38:27-07:00,0,0
style.css,146,css,ab5bb2a5,Sonya Schloss,2026-04-30,20:47:39,-07:00,2026-04-30T20:47:39-07:00,0,21
style.css,147,css,ab5bb2a5,Sonya Schloss,2026-04-30,20:47:39,-07:00,2026-04-30T20:47:39-07:00,0,17
style.css,148,css,ab5bb2a5,Sonya Schloss,2026-04-30,20:47:39,-07:00,2026-04-30T20:47:39-07:00,1,16
style.css,149,css,ab5bb2a5,Sonya Schloss,2026-04-30,20:47:39,-07:00,2026-04-30T20:47:39-07:00,2,11
style.css,150,css,ab5bb2a5,Sonya Schloss,2026-04-30,20:47:39,-07:00,2026-04-30T20:47:39-07:00,1,0
style.css,151,css,ab5bb2a5,Sonya Schloss,2026-04-30,20:47:39,-07:00,2026-04-30T20:47:39-07:00,0,0
style.css,152,css,ab5bb2a5,Sonya Schloss,2026-04-30,20:47:39,-07:00,2026-04-30T20:47:39-07:00,0,4
style.css,153,css,ab5bb2a5,Sonya Schloss,2026-04-30,20:47:39,-07:00,2026-04-30T20:47:39-07:00,1,16
style.css,154,css,ab5bb2a5,Sonya Schloss,2026-04-30,20:47:39,-07:00,2026-04-30T20:47:39-07:00,1,14
style.css,155,css,ab5bb2a5,Sonya Schloss,2026-04-30,20:47:39,-07:00,2026-04-30T20:47:39-07:00,0,0
style.css,156,css,ab5bb2a5,Sonya Schloss,2026-04-30,20:47:39,-07:00,2026-04-30T20:47:39-07:00,0,9
style.css,157,css,ab5bb2a5,Sonya Schloss,2026-04-30,20:47:39,-07:00,2026-04-30T20:47:39-07:00,1,47
style.css,158,css,ab5bb2a5,Sonya Schloss,2026-04-30,20:47:39,-07:00,2026-04-30T20:47:39-07:00,0,0
style.css,159,css,ab5bb2a5,Sonya Schloss,2026-04-30,20:47:39,-07:00,2026-04-30T20:47:39-07:00,1,10
style.css,160,css,ab5bb2a5,Sonya Schloss,2026-04-30,20:47:39,-07:00,2026-04-30T20:47:39-07:00,2,17
style.css,161,css,ab5bb2a5,Sonya Schloss,2026-04-30,20:47:39,-07:00,2026-04-30T20:47:39-07:00,1,0
style.css,162,css,ab5bb2a5,Sonya Schloss,2026-04-30,20:47:39,-07:00,2026-04-30T20:47:39-07:00,0,0
style.css,163,css,ab5bb2a5,Sonya Schloss,2026-04-30,20:47:39,-07:00,2026-04-30T20:47:39-07:00,0,10
style.css,164,css,ab5bb2a5,Sonya Schloss,2026-04-30,20:47:39,-07:00,2026-04-30T20:47:39-07:00,1,17
style.css,165,css,ab5bb2a5,Sonya Schloss,2026-04-30,20:47:39,-07:00,2026-04-30T20:47:39-07:00,1,10
style.css,166,css,ab5bb2a5,Sonya Schloss,2026-04-30,20:47:39,-07:00,2026-04-30T20:47:39-07:00,0,0
style.css,167,css,ab5bb2a5,Sonya Schloss,2026-04-30,20:47:39,-07:00,2026-04-30T20:47:39-07:00,0,0
style.css,168,css,83e968a0,Sonya Schloss,2026-04-10,14:23:40,-07:00,2026-04-10T14:23:40-07:00,0,23
style.css,169,css,83e968a0,Sonya Schloss,2026-04-10,14:23:40,-07:00,2026-04-10T14:23:40-07:00,0,19
style.css,170,css,83e968a0,Sonya Schloss,2026-04-10,14:23:40,-07:00,2026-04-10T14:23:40-07:00,1,15
style.css,171,css,83e968a0,Sonya Schloss,2026-04-10,14:23:40,-07:00,2026-04-10T14:23:40-07:00,0,0
style.css,172,css,83e968a0,Sonya Schloss,2026-04-10,14:23:40,-07:00,2026-04-10T14:23:40-07:00,0,7
style.css,173,css,83e968a0,Sonya Schloss,2026-04-10,14:23:40,-07:00,2026-04-10T14:23:40-07:00,1,12
style.css,174,css,83e968a0,Sonya Schloss,2026-04-10,14:23:40,-07:00,2026-04-10T14:23:40-07:00,1,30
style.css,175,css,83e968a0,Sonya Schloss,2026-04-10,14:23:40,-07:00,2026-04-10T14:23:40-07:00,1,13
style.css,176,css,83e968a0,Sonya Schloss,2026-04-10,14:23:40,-07:00,2026-04-10T14:23:40-07:00,1,17
style.css,177,css,83e968a0,Sonya Schloss,2026-04-10,14:23:40,-07:00,2026-04-10T14:23:40-07:00,1,38
style.css,178,css,83e968a0,Sonya Schloss,2026-04-10,14:23:40,-07:00,2026-04-10T14:23:40-07:00,0,0
style.css,179,css,83e968a0,Sonya Schloss,2026-04-10,14:23:40,-07:00,2026-04-10T14:23:40-07:00,1,2
style.css,180,css,83e968a0,Sonya Schloss,2026-04-10,14:23:40,-07:00,2026-04-10T14:23:40-07:00,2,25
style.css,181,css,83e968a0,Sonya Schloss,2026-04-10,14:23:40,-07:00,2026-04-10T14:23:40-07:00,2,13
style.css,182,css,83e968a0,Sonya Schloss,2026-04-10,14:23:40,-07:00,2026-04-10T14:23:40-07:00,2,24
style.css,183,css,83e968a0,Sonya Schloss,2026-04-10,14:23:40,-07:00,2026-04-10T14:23:40-07:00,2,21
style.css,184,css,83e968a0,Sonya Schloss,2026-04-10,14:23:40,-07:00,2026-04-10T14:23:40-07:00,2,8
style.css,185,css,83e968a0,Sonya Schloss,2026-04-10,14:23:40,-07:00,2026-04-10T14:23:40-07:00,2,16
style.css,186,css,83e968a0,Sonya Schloss,2026-04-10,14:23:40,-07:00,2026-04-10T14:23:40-07:00,1,0
style.css,187,css,83e968a0,Sonya Schloss,2026-04-10,14:23:40,-07:00,2026-04-10T14:23:40-07:00,0,0
style.css,188,css,83e968a0,Sonya Schloss,2026-04-10,14:23:40,-07:00,2026-04-10T14:23:40-07:00,1,2
style.css,189,css,83e968a0,Sonya Schloss,2026-04-10,14:23:40,-07:00,2026-04-10T14:23:40-07:00,2,25
style.css,190,css,83e968a0,Sonya Schloss,2026-04-10,14:23:40,-07:00,2026-04-10T14:23:40-07:00,2,18
style.css,191,css,83e968a0,Sonya Schloss,2026-04-10,14:23:40,-07:00,2026-04-10T14:23:40-07:00,1,0
style.css,192,css,83e968a0,Sonya Schloss,2026-04-10,14:23:40,-07:00,2026-04-10T14:23:40-07:00,0,0
style.css,193,css,83e968a0,Sonya Schloss,2026-04-10,14:23:40,-07:00,2026-04-10T14:23:40-07:00,1,2
style.css,194,css,83e968a0,Sonya Schloss,2026-04-10,14:23:40,-07:00,2026-04-10T14:23:40-07:00,2,19
style.css,195,css,83e968a0,Sonya Schloss,2026-04-10,14:23:40,-07:00,2026-04-10T14:23:40-07:00,1,0
style.css,196,css,83e968a0,Sonya Schloss,2026-04-10,14:23:40,-07:00,2026-04-10T14:23:40-07:00,0,0
style.css,197,css,83e968a0,Sonya Schloss,2026-04-10,14:23:40,-07:00,2026-04-10T14:23:40-07:00,1,1
style.css,198,css,83e968a0,Sonya Schloss,2026-04-10,14:23:40,-07:00,2026-04-10T14:23:40-07:00,2,12
style.css,199,css,83e968a0,Sonya Schloss,2026-04-10,14:23:40,-07:00,2026-04-10T14:23:40-07:00,1,0
style.css,200,css,83e968a0,Sonya Schloss,2026-04-10,14:23:40,-07:00,2026-04-10T14:23:40-07:00,0,0
style.css,201,css,83e968a0,Sonya Schloss,2026-04-10,14:23:40,-07:00,2026-04-10T14:23:40-07:00,0,13
style.css,202,css,83e968a0,Sonya Schloss,2026-04-10,14:23:40,-07:00,2026-04-10T14:23:40-07:00,1,15
style.css,203,css,83e968a0,Sonya Schloss,2026-04-10,14:23:40,-07:00,2026-04-10T14:23:40-07:00,1,13
style.css,204,css,83e968a0,Sonya Schloss,2026-04-10,14:23:40,-07:00,2026-04-10T14:23:40-07:00,0,0
style.css,205,css,83e968a0,Sonya Schloss,2026-04-10,14:23:40,-07:00,2026-04-10T14:23:40-07:00,1,2
style.css,206,css,83e968a0,Sonya Schloss,2026-04-10,14:23:40,-07:00,2026-04-10T14:23:40-07:00,2,25
style.css,207,css,83e968a0,Sonya Schloss,2026-04-10,14:23:40,-07:00,2026-04-10T14:23:40-07:00,2,13
style.css,208,css,83e968a0,Sonya Schloss,2026-04-10,14:23:40,-07:00,2026-04-10T14:23:40-07:00,2,19
style.css,209,css,83e968a0,Sonya Schloss,2026-04-10,14:23:40,-07:00,2026-04-10T14:23:40-07:00,2,21
style.css,210,css,83e968a0,Sonya Schloss,2026-04-10,14:23:40,-07:00,2026-04-10T14:23:40-07:00,2,20
style.css,211,css,83e968a0,Sonya Schloss,2026-04-10,14:23:40,-07:00,2026-04-10T14:23:40-07:00,1,0
style.css,212,css,83e968a0,Sonya Schloss,2026-04-10,14:23:40,-07:00,2026-04-10T14:23:40-07:00,1,1
style.css,213,css,83e968a0,Sonya Schloss,2026-04-10,14:23:40,-07:00,2026-04-10T14:23:40-07:00,2,12
style.css,214,css,83e968a0,Sonya Schloss,2026-04-10,14:23:40,-07:00,2026-04-10T14:23:40-07:00,2,14
style.css,215,css,83e968a0,Sonya Schloss,2026-04-10,14:23:40,-07:00,2026-04-10T14:23:40-07:00,2,15
style.css,216,css,83e968a0,Sonya Schloss,2026-04-10,14:23:40,-07:00,2026-04-10T14:23:40-07:00,2,15
style.css,217,css,83e968a0,Sonya Schloss,2026-04-10,14:23:40,-07:00,2026-04-10T14:23:40-07:00,2,12
style.css,218,css,83e968a0,Sonya Schloss,2026-04-10,14:23:40,-07:00,2026-04-10T14:23:40-07:00,1,0
style.css,219,css,5a96a71b,Sonya Schloss,2026-04-17,15:35:42,-07:00,2026-04-17T15:35:42-07:00,0,0
style.css,220,css,5a96a71b,Sonya Schloss,2026-04-17,15:35:42,-07:00,2026-04-17T15:35:42-07:00,0,34
style.css,221,css,5a96a71b,Sonya Schloss,2026-04-17,15:35:42,-07:00,2026-04-17T15:35:42-07:00,0,18
style.css,222,css,5a96a71b,Sonya Schloss,2026-04-17,15:35:42,-07:00,2026-04-17T15:35:42-07:00,1,17
style.css,223,css,5a96a71b,Sonya Schloss,2026-04-17,15:35:42,-07:00,2026-04-17T15:35:42-07:00,1,8
style.css,224,css,5a96a71b,Sonya Schloss,2026-04-17,15:35:42,-07:00,2026-04-17T15:35:42-07:00,1,10
style.css,225,css,5a96a71b,Sonya Schloss,2026-04-17,15:35:42,-07:00,2026-04-17T15:35:42-07:00,1,13
style.css,226,css,5a96a71b,Sonya Schloss,2026-04-17,15:35:42,-07:00,2026-04-17T15:35:42-07:00,1,19
style.css,227,css,c7f4d7b9,Sonya Schloss,2026-04-25,16:27:35,-07:00,2026-04-25T16:27:35-07:00,0,0
style.css,228,css,c7f4d7b9,Sonya Schloss,2026-04-25,16:27:35,-07:00,2026-04-25T16:27:35-07:00,0,0
style.css,229,css,3d795789,Sonya Schloss,2026-05-09,21:06:44,-07:00,2026-05-09T21:06:44-07:00,0,36
style.css,230,css,35546b0b,Sonya Schloss,2026-05-23,16:47:35,-07:00,2026-05-23T16:47:35-07:00,0,28
style.css,231,css,3d795789,Sonya Schloss,2026-05-09,21:06:44,-07:00,2026-05-09T21:06:44-07:00,1,12
style.css,232,css,3d795789,Sonya Schloss,2026-05-09,21:06:44,-07:00,2026-05-09T21:06:44-07:00,1,44
style.css,233,css,3d795789,Sonya Schloss,2026-05-09,21:06:44,-07:00,2026-05-09T21:06:44-07:00,1,15
style.css,234,css,3d795789,Sonya Schloss,2026-05-09,21:06:44,-07:00,2026-05-09T21:06:44-07:00,1,21
style.css,235,css,3d795789,Sonya Schloss,2026-05-09,21:06:44,-07:00,2026-05-09T21:06:44-07:00,1,45
style.css,236,css,3d795789,Sonya Schloss,2026-05-09,21:06:44,-07:00,2026-05-09T21:06:44-07:00,1,17
style.css,237,css,3d795789,Sonya Schloss,2026-05-09,21:06:44,-07:00,2026-05-09T21:06:44-07:00,1,20
style.css,238,css,3d795789,Sonya Schloss,2026-05-09,21:06:44,-07:00,2026-05-09T21:06:44-07:00,1,22
style.css,239,css,3d795789,Sonya Schloss,2026-05-09,21:06:44,-07:00,2026-05-09T21:06:44-07:00,1,0
style.css,240,css,3d795789,Sonya Schloss,2026-05-09,21:06:44,-07:00,2026-05-09T21:06:44-07:00,0,2
style.css,241,css,35546b0b,Sonya Schloss,2026-05-23,16:47:35,-07:00,2026-05-23T16:47:35-07:00,0,16
style.css,242,css,35546b0b,Sonya Schloss,2026-05-23,16:47:35,-07:00,2026-05-23T16:47:35-07:00,0,6
style.css,243,css,1125f717,Sonya Schloss,2026-05-09,15:13:22,-07:00,2026-05-09T15:13:22-07:00,1,12
style.css,244,css,1125f717,Sonya Schloss,2026-05-09,15:13:22,-07:00,2026-05-09T15:13:22-07:00,1,14
style.css,245,css,1125f717,Sonya Schloss,2026-05-09,15:13:22,-07:00,2026-05-09T15:13:22-07:00,1,15
style.css,246,css,3d795789,Sonya Schloss,2026-05-09,21:06:44,-07:00,2026-05-09T21:06:44-07:00,1,21
style.css,247,css,1125f717,Sonya Schloss,2026-05-09,15:13:22,-07:00,2026-05-09T15:13:22-07:00,1,45
style.css,248,css,1125f717,Sonya Schloss,2026-05-09,15:13:22,-07:00,2026-05-09T15:13:22-07:00,1,17
style.css,249,css,1125f717,Sonya Schloss,2026-05-09,15:13:22,-07:00,2026-05-09T15:13:22-07:00,0,0
style.css,250,css,1125f717,Sonya Schloss,2026-05-09,15:13:22,-07:00,2026-05-09T15:13:22-07:00,0,21
style.css,251,css,1125f717,Sonya Schloss,2026-05-09,15:13:22,-07:00,2026-05-09T15:13:22-07:00,1,12
style.css,252,css,1125f717,Sonya Schloss,2026-05-09,15:13:22,-07:00,2026-05-09T15:13:22-07:00,1,21
style.css,253,css,c7f4d7b9,Sonya Schloss,2026-04-25,16:27:35,-07:00,2026-04-25T16:27:35-07:00,0,0
style.css,254,css,c7f4d7b9,Sonya Schloss,2026-04-25,16:27:35,-07:00,2026-04-25T16:27:35-07:00,0,0
style.css,255,css,35546b0b,Sonya Schloss,2026-05-23,16:47:35,-07:00,2026-05-23T16:47:35-07:00,0,16
style.css,256,css,35546b0b,Sonya Schloss,2026-05-23,16:47:35,-07:00,2026-05-23T16:47:35-07:00,0,9
style.css,257,css,1125f717,Sonya Schloss,2026-05-09,15:13:22,-07:00,2026-05-09T15:13:22-07:00,1,35
style.css,258,css,1125f717,Sonya Schloss,2026-05-09,15:13:22,-07:00,2026-05-09T15:13:22-07:00,1,16
style.css,259,css,1125f717,Sonya Schloss,2026-05-09,15:13:22,-07:00,2026-05-09T15:13:22-07:00,1,24
style.css,260,css,1125f717,Sonya Schloss,2026-05-09,15:13:22,-07:00,2026-05-09T15:13:22-07:00,1,21
style.css,261,css,3d795789,Sonya Schloss,2026-05-09,21:06:44,-07:00,2026-05-09T21:06:44-07:00,1,24
style.css,262,css,c7f4d7b9,Sonya Schloss,2026-04-25,16:27:35,-07:00,2026-04-25T16:27:35-07:00,0,0
style.css,263,css,c7f4d7b9,Sonya Schloss,2026-04-25,16:27:35,-07:00,2026-04-25T16:27:35-07:00,0,0
style.css,264,css,35546b0b,Sonya Schloss,2026-05-23,16:47:35,-07:00,2026-05-23T16:47:35-07:00,0,16
style.css,265,css,35546b0b,Sonya Schloss,2026-05-23,16:47:35,-07:00,2026-05-23T16:47:35-07:00,0,9
style.css,266,css,c7f4d7b9,Sonya Schloss,2026-04-25,16:27:35,-07:00,2026-04-25T16:27:35-07:00,1,8
style.css,267,css,1125f717,Sonya Schloss,2026-05-09,15:13:22,-07:00,2026-05-09T15:13:22-07:00,1,15
style.css,268,css,1125f717,Sonya Schloss,2026-05-09,15:13:22,-07:00,2026-05-09T15:13:22-07:00,1,16
style.css,269,css,1125f717,Sonya Schloss,2026-05-09,15:13:22,-07:00,2026-05-09T15:13:22-07:00,1,25
style.css,270,css,1125f717,Sonya Schloss,2026-05-09,15:13:22,-07:00,2026-05-09T15:13:22-07:00,0,0
style.css,271,css,3d795789,Sonya Schloss,2026-05-09,21:06:44,-07:00,2026-05-09T21:06:44-07:00,0,25
style.css,272,css,3d795789,Sonya Schloss,2026-05-09,21:06:44,-07:00,2026-05-09T21:06:44-07:00,1,11
style.css,273,css,3d795789,Sonya Schloss,2026-05-09,21:06:44,-07:00,2026-05-09T21:06:44-07:00,1,12
style.css,274,css,3d795789,Sonya Schloss,2026-05-09,21:06:44,-07:00,2026-05-09T21:06:44-07:00,0,2
style.css,275,css,1125f717,Sonya Schloss,2026-05-09,15:13:22,-07:00,2026-05-09T15:13:22-07:00,0,0
style.css,276,css,3d795789,Sonya Schloss,2026-05-09,21:06:44,-07:00,2026-05-09T21:06:44-07:00,0,31
style.css,277,css,3d795789,Sonya Schloss,2026-05-09,21:06:44,-07:00,2026-05-09T21:06:44-07:00,0,15
style.css,278,css,3d795789,Sonya Schloss,2026-05-09,21:06:44,-07:00,2026-05-09T21:06:44-07:00,1,11
style.css,279,css,3d795789,Sonya Schloss,2026-05-09,21:06:44,-07:00,2026-05-09T21:06:44-07:00,1,18
style.css,280,css,1125f717,Sonya Schloss,2026-05-09,15:13:22,-07:00,2026-05-09T15:13:22-07:00,0,0
style.css,281,css,35546b0b,Sonya Schloss,2026-05-23,16:47:35,-07:00,2026-05-23T16:47:35-07:00,0,18
style.css,282,css,35546b0b,Sonya Schloss,2026-05-23,16:47:35,-07:00,2026-05-23T16:47:35-07:00,1,12
style.css,283,css,35546b0b,Sonya Schloss,2026-05-23,16:47:35,-07:00,2026-05-23T16:47:35-07:00,0,0
style.css,284,css,1125f717,Sonya Schloss,2026-05-09,15:13:22,-07:00,2026-05-09T15:13:22-07:00,0,0
style.css,285,css,3d795789,Sonya Schloss,2026-05-09,21:06:44,-07:00,2026-05-09T21:06:44-07:00,0,12
style.css,286,css,3d795789,Sonya Schloss,2026-05-09,21:06:44,-07:00,2026-05-09T21:06:44-07:00,0,7
style.css,287,css,3d795789,Sonya Schloss,2026-05-09,21:06:44,-07:00,2026-05-09T21:06:44-07:00,1,12
style.css,288,css,3d795789,Sonya Schloss,2026-05-09,21:06:44,-07:00,2026-05-09T21:06:44-07:00,1,30
style.css,289,css,3d795789,Sonya Schloss,2026-05-09,21:06:44,-07:00,2026-05-09T21:06:44-07:00,1,14
style.css,290,css,3d795789,Sonya Schloss,2026-05-09,21:06:44,-07:00,2026-05-09T21:06:44-07:00,1,8
style.css,291,css,3d795789,Sonya Schloss,2026-05-09,21:06:44,-07:00,2026-05-09T21:06:44-07:00,1,25
style.css,292,css,3d795789,Sonya Schloss,2026-05-09,21:06:44,-07:00,2026-05-09T21:06:44-07:00,1,39
style.css,293,css,3d795789,Sonya Schloss,2026-05-09,21:06:44,-07:00,2026-05-09T21:06:44-07:00,0,0
style.css,294,css,3d795789,Sonya Schloss,2026-05-09,21:06:44,-07:00,2026-05-09T21:06:44-07:00,0,42
style.css,295,css,3d795789,Sonya Schloss,2026-05-09,21:06:44,-07:00,2026-05-09T21:06:44-07:00,1,9
style.css,296,css,3d795789,Sonya Schloss,2026-05-09,21:06:44,-07:00,2026-05-09T21:06:44-07:00,1,17
style.css,297,css,3d795789,Sonya Schloss,2026-05-09,21:06:44,-07:00,2026-05-09T21:06:44-07:00,0,0
style.css,298,css,3d795789,Sonya Schloss,2026-05-09,21:06:44,-07:00,2026-05-09T21:06:44-07:00,0,8
style.css,299,css,3d795789,Sonya Schloss,2026-05-09,21:06:44,-07:00,2026-05-09T21:06:44-07:00,1,14
style.css,300,css,3d795789,Sonya Schloss,2026-05-09,21:06:44,-07:00,2026-05-09T21:06:44-07:00,1,7
style.css,301,css,3d795789,Sonya Schloss,2026-05-09,21:06:44,-07:00,2026-05-09T21:06:44-07:00,1,8
style.css,302,css,35546b0b,Sonya Schloss,2026-05-23,16:47:35,-07:00,2026-05-23T16:47:35-07:00,1,35
style.css,303,css,35546b0b,Sonya Schloss,2026-05-23,16:47:35,-07:00,2026-05-23T16:47:35-07:00,1,40
style.css,304,css,3d795789,Sonya Schloss,2026-05-09,21:06:44,-07:00,2026-05-09T21:06:44-07:00,1,17
style.css,305,css,3d795789,Sonya Schloss,2026-05-09,21:06:44,-07:00,2026-05-09T21:06:44-07:00,1,18
style.css,306,css,3d795789,Sonya Schloss,2026-05-09,21:06:44,-07:00,2026-05-09T21:06:44-07:00,1,25
style.css,307,css,3d795789,Sonya Schloss,2026-05-09,21:06:44,-07:00,2026-05-09T21:06:44-07:00,0,0
style.css,308,css,3d795789,Sonya Schloss,2026-05-09,21:06:44,-07:00,2026-05-09T21:06:44-07:00,0,6
style.css,309,css,3d795789,Sonya Schloss,2026-05-09,21:06:44,-07:00,2026-05-09T21:06:44-07:00,1,16
style.css,310,css,3d795789,Sonya Schloss,2026-05-09,21:06:44,-07:00,2026-05-09T21:06:44-07:00,1,23
style.css,311,css,3d795789,Sonya Schloss,2026-05-09,21:06:44,-07:00,2026-05-09T21:06:44-07:00,1,22
style.css,312,css,35546b0b,Sonya Schloss,2026-05-23,16:47:35,-07:00,2026-05-23T16:47:35-07:00,1,15
style.css,313,css,35546b0b,Sonya Schloss,2026-05-23,16:47:35,-07:00,2026-05-23T16:47:35-07:00,2,3
style.css,314,css,35546b0b,Sonya Schloss,2026-05-23,16:47:35,-07:00,2026-05-23T16:47:35-07:00,1,0
style.css,315,css,1125f717,Sonya Schloss,2026-05-09,15:13:22,-07:00,2026-05-09T15:13:22-07:00,0,0
style.css,316,css,1125f717,Sonya Schloss,2026-05-09,15:13:22,-07:00,2026-05-09T15:13:22-07:00,0,0
style.css,317,css,3d795789,Sonya Schloss,2026-05-09,21:06:44,-07:00,2026-05-09T21:06:44-07:00,0,12
style.css,318,css,3d795789,Sonya Schloss,2026-05-09,21:06:44,-07:00,2026-05-09T21:06:44-07:00,1,20
style.css,319,css,1125f717,Sonya Schloss,2026-05-09,15:13:22,-07:00,2026-05-09T15:13:22-07:00,0,0
style.css,320,css,1125f717,Sonya Schloss,2026-05-09,15:13:22,-07:00,2026-05-09T15:13:22-07:00,0,0
style.css,321,css,3d795789,Sonya Schloss,2026-05-09,21:06:44,-07:00,2026-05-09T21:06:44-07:00,0,24
style.css,322,css,3d795789,Sonya Schloss,2026-05-09,21:06:44,-07:00,2026-05-09T21:06:44-07:00,1,2
style.css,323,css,3d795789,Sonya Schloss,2026-05-09,21:06:44,-07:00,2026-05-09T21:06:44-07:00,2,32
style.css,324,css,3d795789,Sonya Schloss,2026-05-09,21:06:44,-07:00,2026-05-09T21:06:44-07:00,1,0
style.css,325,css,3d795789,Sonya Schloss,2026-05-09,21:06:44,-07:00,2026-05-09T21:06:44-07:00,0,0
style.css,326,css,3d795789,Sonya Schloss,2026-05-09,21:06:44,-07:00,2026-05-09T21:06:44-07:00,0,10
style.css,327,css,3d795789,Sonya Schloss,2026-05-09,21:06:44,-07:00,2026-05-09T21:06:44-07:00,1,16
style.css,328,css,3d795789,Sonya Schloss,2026-05-09,21:06:44,-07:00,2026-05-09T21:06:44-07:00,1,12
style.css,329,css,3d795789,Sonya Schloss,2026-05-09,21:06:44,-07:00,2026-05-09T21:06:44-07:00,1,18
style.css,330,css,3d795789,Sonya Schloss,2026-05-09,21:06:44,-07:00,2026-05-09T21:06:44-07:00,1,20
style.css,331,css,3d795789,Sonya Schloss,2026-05-09,21:06:44,-07:00,2026-05-09T21:06:44-07:00,1,42
style.css,332,css,3d795789,Sonya Schloss,2026-05-09,21:06:44,-07:00,2026-05-09T21:06:44-07:00,0,0
style.css,333,css,3d795789,Sonya Schloss,2026-05-09,21:06:44,-07:00,2026-05-09T21:06:44-07:00,0,15
style.css,334,css,3d795789,Sonya Schloss,2026-05-09,21:06:44,-07:00,2026-05-09T21:06:44-07:00,1,12
style.css,335,css,fb430cd0,Sonya Schloss,2026-05-16,14:56:47,-07:00,2026-05-16T14:56:47-07:00,0,0
style.css,336,css,fb430cd0,Sonya Schloss,2026-05-16,14:56:47,-07:00,2026-05-16T14:56:47-07:00,0,0
style.css,337,css,fb430cd0,Sonya Schloss,2026-05-16,14:56:47,-07:00,2026-05-16T14:56:47-07:00,0,19
style.css,338,css,35546b0b,Sonya Schloss,2026-05-23,16:47:35,-07:00,2026-05-23T16:47:35-07:00,1,13
style.css,339,css,35546b0b,Sonya Schloss,2026-05-23,16:47:35,-07:00,2026-05-23T16:47:35-07:00,1,20
style.css,340,css,fb430cd0,Sonya Schloss,2026-05-16,14:56:47,-07:00,2026-05-16T14:56:47-07:00,0,0
style.css,341,css,fb430cd0,Sonya Schloss,2026-05-16,14:56:47,-07:00,2026-05-16T14:56:47-07:00,0,0
style.css,342,css,fb430cd0,Sonya Schloss,2026-05-16,14:56:47,-07:00,2026-05-16T14:56:47-07:00,0,25
style.css,343,css,35546b0b,Sonya Schloss,2026-05-23,16:47:35,-07:00,2026-05-23T16:47:35-07:00,1,25
style.css,344,css,35546b0b,Sonya Schloss,2026-05-23,16:47:35,-07:00,2026-05-23T16:47:35-07:00,1,25
style.css,345,css,35546b0b,Sonya Schloss,2026-05-23,16:47:35,-07:00,2026-05-23T16:47:35-07:00,0,0
style.css,346,css,35546b0b,Sonya Schloss,2026-05-23,16:47:35,-07:00,2026-05-23T16:47:35-07:00,0,0
style.css,347,css,35546b0b,Sonya Schloss,2026-05-23,16:47:35,-07:00,2026-05-23T16:47:35-07:00,0,21
style.css,348,css,35546b0b,Sonya Schloss,2026-05-23,16:47:35,-07:00,2026-05-23T16:47:35-07:00,0,26
style.css,349,css,35546b0b,Sonya Schloss,2026-05-23,16:47:35,-07:00,2026-05-23T16:47:35-07:00,1,12
style.css,350,css,35546b0b,Sonya Schloss,2026-05-23,16:47:35,-07:00,2026-05-23T16:47:35-07:00,1,30
style.css,351,css,35546b0b,Sonya Schloss,2026-05-23,16:47:35,-07:00,2026-05-23T16:47:35-07:00,1,28
style.css,352,css,35546b0b,Sonya Schloss,2026-05-23,16:47:35,-07:00,2026-05-23T16:47:35-07:00,1,14
style.css,353,css,35546b0b,Sonya Schloss,2026-05-23,16:47:35,-07:00,2026-05-23T16:47:35-07:00,1,18
style.css,354,css,35546b0b,Sonya Schloss,2026-05-23,16:47:35,-07:00,2026-05-23T16:47:35-07:00,0,0
style.css,355,css,35546b0b,Sonya Schloss,2026-05-23,16:47:35,-07:00,2026-05-23T16:47:35-07:00,0,0
style.css,356,css,35546b0b,Sonya Schloss,2026-05-23,16:47:35,-07:00,2026-05-23T16:47:35-07:00,0,32
style.css,357,css,35546b0b,Sonya Schloss,2026-05-23,16:47:35,-07:00,2026-05-23T16:47:35-07:00,1,13
style.css,358,css,35546b0b,Sonya Schloss,2026-05-23,16:47:35,-07:00,2026-05-23T16:47:35-07:00,1,10
style.css,359,css,35546b0b,Sonya Schloss,2026-05-23,16:47:35,-07:00,2026-05-23T16:47:35-07:00,1,16
style.css,360,css,35546b0b,Sonya Schloss,2026-05-23,16:47:35,-07:00,2026-05-23T16:47:35-07:00,0,0
style.css,361,css,35546b0b,Sonya Schloss,2026-05-23,16:47:35,-07:00,2026-05-23T16:47:35-07:00,0,0
style.css,362,css,35546b0b,Sonya Schloss,2026-05-23,16:47:35,-07:00,2026-05-23T16:47:35-07:00,0,16
style.css,363,css,35546b0b,Sonya Schloss,2026-05-23,16:47:35,-07:00,2026-05-23T16:47:35-07:00,1,13
style.css,364,css,35546b0b,Sonya Schloss,2026-05-23,16:47:35,-07:00,2026-05-23T16:47:35-07:00,1,10
style.css,365,css,35546b0b,Sonya Schloss,2026-05-23,16:47:35,-07:00,2026-05-23T16:47:35-07:00,1,10
style.css,366,css,35546b0b,Sonya Schloss,2026-05-23,16:47:35,-07:00,2026-05-23T16:47:35-07:00,0,0
style.css,367,css,35546b0b,Sonya Schloss,2026-05-23,16:47:35,-07:00,2026-05-23T16:47:35-07:00,0,0
style.css,368,css,35546b0b,Sonya Schloss,2026-05-23,16:47:35,-07:00,2026-05-23T16:47:35-07:00,0,12
style.css,369,css,35546b0b,Sonya Schloss,2026-05-23,16:47:35,-07:00,2026-05-23T16:47:35-07:00,1,13
style.css,370,css,35546b0b,Sonya Schloss,2026-05-23,16:47:35,-07:00,2026-05-23T16:47:35-07:00,1,10
style.css,371,css,35546b0b,Sonya Schloss,2026-05-23,16:47:35,-07:00,2026-05-23T16:47:35-07:00,1,16
style.css,372,css,35546b0b,Sonya Schloss,2026-05-23,16:47:35,-07:00,2026-05-23T16:47:35-07:00,1,15
style.css,373,css,35546b0b,Sonya Schloss,2026-05-23,16:47:35,-07:00,2026-05-23T16:47:35-07:00,1,35
style.css,374,css,35546b0b,Sonya Schloss,2026-05-23,16:47:35,-07:00,2026-05-23T16:47:35-07:00,0,0
style.css,375,css,35546b0b,Sonya Schloss,2026-05-23,16:47:35,-07:00,2026-05-23T16:47:35-07:00,0,6
style.css,376,css,35546b0b,Sonya Schloss,2026-05-23,16:47:35,-07:00,2026-05-23T16:47:35-07:00,1,12
style.css,377,css,35546b0b,Sonya Schloss,2026-05-23,16:47:35,-07:00,2026-05-23T16:47:35-07:00,1,29
style.css,378,css,35546b0b,Sonya Schloss,2026-05-23,16:47:35,-07:00,2026-05-23T16:47:35-07:00,0,0
style.css,379,css,35546b0b,Sonya Schloss,2026-05-23,16:47:35,-07:00,2026-05-23T16:47:35-07:00,1,5
style.css,380,css,35546b0b,Sonya Schloss,2026-05-23,16:47:35,-07:00,2026-05-23T16:47:35-07:00,2,18
style.css,381,css,35546b0b,Sonya Schloss,2026-05-23,16:47:35,-07:00,2026-05-23T16:47:35-07:00,2,12
style.css,382,css,35546b0b,Sonya Schloss,2026-05-23,16:47:35,-07:00,2026-05-23T16:47:35-07:00,2,29
style.css,383,css,35546b0b,Sonya Schloss,2026-05-23,16:47:35,-07:00,2026-05-23T16:47:35-07:00,1,0
style.css,384,css,35546b0b,Sonya Schloss,2026-05-23,16:47:35,-07:00,2026-05-23T16:47:35-07:00,0,0
style.css,385,css,35546b0b,Sonya Schloss,2026-05-23,16:47:35,-07:00,2026-05-23T16:47:35-07:00,1,10
style.css,386,css,35546b0b,Sonya Schloss,2026-05-23,16:47:35,-07:00,2026-05-23T16:47:35-07:00,2,13
style.css,387,css,35546b0b,Sonya Schloss,2026-05-23,16:47:35,-07:00,2026-05-23T16:47:35-07:00,1,0
style.css,388,css,35546b0b,Sonya Schloss,2026-05-23,16:47:35,-07:00,2026-05-23T16:47:35-07:00,0,0
style.css,389,css,35546b0b,Sonya Schloss,2026-05-23,16:47:35,-07:00,2026-05-23T16:47:35-07:00,1,10
style.css,390,css,35546b0b,Sonya Schloss,2026-05-23,16:47:35,-07:00,2026-05-23T16:47:35-07:00,2,13
style.css,391,css,35546b0b,Sonya Schloss,2026-05-23,16:47:35,-07:00,2026-05-23T16:47:35-07:00,2,12
style.css,392,css,35546b0b,Sonya Schloss,2026-05-23,16:47:35,-07:00,2026-05-23T16:47:35-07:00,2,14
style.css,393,css,35546b0b,Sonya Schloss,2026-05-23,16:47:35,-07:00,2026-05-23T16:47:35-07:00,2,17
style.css,394,css,35546b0b,Sonya Schloss,2026-05-23,16:47:35,-07:00,2026-05-23T16:47:35-07:00,2,19
style.css,395,css,35546b0b,Sonya Schloss,2026-05-23,16:47:35,-07:00,2026-05-23T16:47:35-07:00,2,10
style.css,396,css,35546b0b,Sonya Schloss,2026-05-23,16:47:35,-07:00,2026-05-23T16:47:35-07:00,2,17
style.css,397,css,35546b0b,Sonya Schloss,2026-05-23,16:47:35,-07:00,2026-05-23T16:47:35-07:00,2,13
style.css,398,css,35546b0b,Sonya Schloss,2026-05-23,16:47:35,-07:00,2026-05-23T16:47:35-07:00,1,0
style.css,399,css,35546b0b,Sonya Schloss,2026-05-23,16:47:35,-07:00,2026-05-23T16:47:35-07:00,0,0
style.css,400,css,35546b0b,Sonya Schloss,2026-05-23,16:47:35,-07:00,2026-05-23T16:47:35-07:00,0,15
style.css,401,css,35546b0b,Sonya Schloss,2026-05-23,16:47:35,-07:00,2026-05-23T16:47:35-07:00,1,13
style.css,402,css,35546b0b,Sonya Schloss,2026-05-23,16:47:35,-07:00,2026-05-23T16:47:35-07:00,1,16
style.css,403,css,35546b0b,Sonya Schloss,2026-05-23,16:47:35,-07:00,2026-05-23T16:47:35-07:00,1,11
style.css,404,css,35546b0b,Sonya Schloss,2026-05-23,16:47:35,-07:00,2026-05-23T16:47:35-07:00,0,0
style.css,405,css,35546b0b,Sonya Schloss,2026-05-23,16:47:35,-07:00,2026-05-23T16:47:35-07:00,0,4
style.css,406,css,35546b0b,Sonya Schloss,2026-05-23,16:47:35,-07:00,2026-05-23T16:47:35-07:00,1,12
style.css,407,css,35546b0b,Sonya Schloss,2026-05-23,16:47:35,-07:00,2026-05-23T16:47:35-07:00,1,11
style.css,408,css,35546b0b,Sonya Schloss,2026-05-23,16:47:35,-07:00,2026-05-23T16:47:35-07:00,1,14
style.css,409,css,35546b0b,Sonya Schloss,2026-05-23,16:47:35,-07:00,2026-05-23T16:47:35-07:00,1,23
style.css,410,css,35546b0b,Sonya Schloss,2026-05-23,16:47:35,-07:00,2026-05-23T16:47:35-07:00,1,17
style.css,411,css,35546b0b,Sonya Schloss,2026-05-23,16:47:35,-07:00,2026-05-23T16:47:35-07:00,0,0
style.css,412,css,35546b0b,Sonya Schloss,2026-05-23,16:47:35,-07:00,2026-05-23T16:47:35-07:00,0,10
style.css,413,css,35546b0b,Sonya Schloss,2026-05-23,16:47:35,-07:00,2026-05-23T16:47:35-07:00,1,17
style.css,414,css,35546b0b,Sonya Schloss,2026-05-23,16:47:35,-07:00,2026-05-23T16:47:35-07:00,1,12
style.css,415,css,35546b0b,Sonya Schloss,2026-05-23,16:47:35,-07:00,2026-05-23T16:47:35-07:00,1,8
style.css,416,css,35546b0b,Sonya Schloss,2026-05-23,16:47:35,-07:00,2026-05-23T16:47:35-07:00,0,0
style.css,417,css,35546b0b,Sonya Schloss,2026-05-23,16:47:35,-07:00,2026-05-23T16:47:35-07:00,1,3
style.css,418,css,35546b0b,Sonya Schloss,2026-05-23,16:47:35,-07:00,2026-05-23T16:47:35-07:00,2,6
style.css,419,css,35546b0b,Sonya Schloss,2026-05-23,16:47:35,-07:00,2026-05-23T16:47:35-07:00,1,0
style.css,420,css,35546b0b,Sonya Schloss,2026-05-23,16:47:35,-07:00,2026-05-23T16:47:35-07:00,0,0
style.css,421,css,35546b0b,Sonya Schloss,2026-05-23,16:47:35,-07:00,2026-05-23T16:47:35-07:00,0,0
style.css,422,css,35546b0b,Sonya Schloss,2026-05-23,16:47:35,-07:00,2026-05-23T16:47:35-07:00,0,14
style.css,423,css,35546b0b,Sonya Schloss,2026-05-23,16:47:35,-07:00,2026-05-23T16:47:35-07:00,1,17
style.css,424,css,35546b0b,Sonya Schloss,2026-05-23,16:47:35,-07:00,2026-05-23T16:47:35-07:00,0,0
style.css,425,css,35546b0b,Sonya Schloss,2026-05-23,16:47:35,-07:00,2026-05-23T16:47:35-07:00,0,0
style.css,426,css,35546b0b,Sonya Schloss,2026-05-23,16:47:35,-07:00,2026-05-23T16:47:35-07:00,0,13
style.css,427,css,35546b0b,Sonya Schloss,2026-05-23,16:47:35,-07:00,2026-05-23T16:47:35-07:00,1,15
style.css,428,css,35546b0b,Sonya Schloss,2026-05-23,16:47:35,-07:00,2026-05-23T16:47:35-07:00,1,5
style.css,429,css,35546b0b,Sonya Schloss,2026-05-23,16:47:35,-07:00,2026-05-23T16:47:35-07:00,1,6
style.css,430,css,35546b0b,Sonya Schloss,2026-05-23,16:47:35,-07:00,2026-05-23T16:47:35-07:00,1,11
style.css,431,css,35546b0b,Sonya Schloss,2026-05-23,16:47:35,-07:00,2026-05-23T16:47:35-07:00,1,11
style.css,432,css,35546b0b,Sonya Schloss,2026-05-23,16:47:35,-07:00,2026-05-23T16:47:35-07:00,0,0
style.css,433,css,35546b0b,Sonya Schloss,2026-05-23,16:47:35,-07:00,2026-05-23T16:47:35-07:00,0,5
style.css,434,css,35546b0b,Sonya Schloss,2026-05-23,16:47:35,-07:00,2026-05-23T16:47:35-07:00,1,20
style.css,435,css,35546b0b,Sonya Schloss,2026-05-23,16:47:35,-07:00,2026-05-23T16:47:35-07:00,0,0
index.js,1,js,c7f4d7b9,Sonya Schloss,2026-04-25,16:27:35,-07:00,2026-04-25T16:27:35-07:00,0,71
index.js,2,js,cab843b6,Sonya Schloss,2026-04-24,19:10:51,-07:00,2026-04-24T19:10:51-07:00,0,54
index.js,3,js,cab843b6,Sonya Schloss,2026-04-24,19:10:51,-07:00,2026-04-24T19:10:51-07:00,0,42
index.js,4,js,cab843b6,Sonya Schloss,2026-04-24,19:10:51,-07:00,2026-04-24T19:10:51-07:00,0,60
index.js,5,js,cab843b6,Sonya Schloss,2026-04-24,19:10:51,-07:00,2026-04-24T19:10:51-07:00,0,23
index.js,6,js,c7f4d7b9,Sonya Schloss,2026-04-25,16:27:35,-07:00,2026-04-25T16:27:35-07:00,0,54
index.js,7,js,c7f4d7b9,Sonya Schloss,2026-04-25,16:27:35,-07:00,2026-04-25T16:27:35-07:00,0,18
index.js,8,js,c7f4d7b9,Sonya Schloss,2026-04-25,16:27:35,-07:00,2026-04-25T16:27:35-07:00,0,52
index.js,9,js,c7f4d7b9,Sonya Schloss,2026-04-25,16:27:35,-07:00,2026-04-25T16:27:35-07:00,0,60
index.js,10,js,c7f4d7b9,Sonya Schloss,2026-04-25,16:27:35,-07:00,2026-04-25T16:27:35-07:00,0,17
index.js,11,js,c7f4d7b9,Sonya Schloss,2026-04-25,16:27:35,-07:00,2026-04-25T16:27:35-07:00,1,24
index.js,12,js,c7f4d7b9,Sonya Schloss,2026-04-25,16:27:35,-07:00,2026-04-25T16:27:35-07:00,4,2
index.js,13,js,1125f717,Sonya Schloss,2026-05-09,15:13:22,-07:00,2026-05-09T15:13:22-07:00,5,65
index.js,14,js,1125f717,Sonya Schloss,2026-05-09,15:13:22,-07:00,2026-05-09T15:13:22-07:00,5,59
index.js,15,js,1125f717,Sonya Schloss,2026-05-09,15:13:22,-07:00,2026-05-09T15:13:22-07:00,5,59
index.js,16,js,1125f717,Sonya Schloss,2026-05-09,15:13:22,-07:00,2026-05-09T15:13:22-07:00,5,65
index.js,17,js,c7f4d7b9,Sonya Schloss,2026-04-25,16:27:35,-07:00,2026-04-25T16:27:35-07:00,4,3
index.js,18,js,c7f4d7b9,Sonya Schloss,2026-04-25,16:27:35,-07:00,2026-04-25T16:27:35-07:00,2,0
index.js,19,js,c7f4d7b9,Sonya Schloss,2026-04-25,16:27:35,-07:00,2026-04-25T16:27:35-07:00,0,0
index.html,1,html,6d73df6e,Sonya Schloss,2026-04-01,16:34:45,-07:00,2026-04-01T16:34:45-07:00,0,13
index.html,2,html,6d73df6e,Sonya Schloss,2026-04-01,16:34:45,-07:00,2026-04-01T16:34:45-07:00,0,14
index.html,3,html,6d73df6e,Sonya Schloss,2026-04-01,16:34:45,-07:00,2026-04-01T16:34:45-07:00,0,4
index.html,4,html,6d73df6e,Sonya Schloss,2026-04-01,16:34:45,-07:00,2026-04-01T16:34:45-07:00,2,20
index.html,5,html,6d73df6e,Sonya Schloss,2026-04-01,16:34:45,-07:00,2026-04-01T16:34:45-07:00,2,68
index.html,6,html,6d73df6e,Sonya Schloss,2026-04-01,16:34:45,-07:00,2026-04-01T16:34:45-07:00,2,55
index.html,7,html,5144b7b0,Sonya Schloss,2026-04-01,17:13:19,-07:00,2026-04-01T17:13:19-07:00,2,38
index.html,8,html,5a96a71b,Sonya Schloss,2026-04-17,15:35:42,-07:00,2026-04-17T15:35:42-07:00,2,47
index.html,9,html,cab843b6,Sonya Schloss,2026-04-24,19:10:51,-07:00,2026-04-24T19:10:51-07:00,2,50
index.html,10,html,6d73df6e,Sonya Schloss,2026-04-01,16:34:45,-07:00,2026-04-01T16:34:45-07:00,0,5
index.html,11,html,6d73df6e,Sonya Schloss,2026-04-01,16:34:45,-07:00,2026-04-01T16:34:45-07:00,0,4
index.html,12,html,5a96a71b,Sonya Schloss,2026-04-17,15:35:42,-07:00,2026-04-17T15:35:42-07:00,2,8
index.html,13,html,5a96a71b,Sonya Schloss,2026-04-17,15:35:42,-07:00,2026-04-17T15:35:42-07:00,4,27
index.html,14,html,ab15945f,Sonya Schloss,2026-04-02,14:46:03,-07:00,2026-04-02T14:46:03-07:00,4,40
index.html,15,html,1441ed90,Sonya Schloss,2026-04-03,19:02:01,-07:00,2026-04-03T19:02:01-07:00,4,36
index.html,16,html,ab15945f,Sonya Schloss,2026-04-02,14:46:03,-07:00,2026-04-02T14:46:03-07:00,4,38
index.html,17,html,d20a1bfc,Sonya Schloss,2026-04-02,14:53:38,-07:00,2026-04-02T14:53:38-07:00,4,63
index.html,18,html,5a96a71b,Sonya Schloss,2026-04-17,15:35:42,-07:00,2026-04-17T15:35:42-07:00,2,8
index.html,19,html,6d73df6e,Sonya Schloss,2026-04-01,16:34:45,-07:00,2026-04-01T16:34:45-07:00,2,20
index.html,20,html,5144b7b0,Sonya Schloss,2026-04-01,17:13:19,-07:00,2026-04-01T17:13:19-07:00,2,137
index.html,21,html,83e968a0,Sonya Schloss,2026-04-10,14:23:40,-07:00,2026-04-10T14:23:40-07:00,2,101
index.html,22,html,5144b7b0,Sonya Schloss,2026-04-01,17:13:19,-07:00,2026-04-01T17:13:19-07:00,2,27
index.html,23,html,c7f4d7b9,Sonya Schloss,2026-04-25,16:27:35,-07:00,2026-04-25T16:27:35-07:00,2,39
index.html,24,html,cab843b6,Sonya Schloss,2026-04-24,19:10:51,-07:00,2026-04-24T19:10:51-07:00,2,20
index.html,25,html,cab843b6,Sonya Schloss,2026-04-24,19:10:51,-07:00,2026-04-24T19:10:51-07:00,4,49
index.html,26,html,cab843b6,Sonya Schloss,2026-04-24,19:10:51,-07:00,2026-04-24T19:10:51-07:00,2,4
index.html,27,html,c7f4d7b9,Sonya Schloss,2026-04-25,16:27:35,-07:00,2026-04-25T16:27:35-07:00,2,39
index.html,28,html,c7f4d7b9,Sonya Schloss,2026-04-25,16:27:35,-07:00,2026-04-25T16:27:35-07:00,2,22
index.html,29,html,c7f4d7b9,Sonya Schloss,2026-04-25,16:27:35,-07:00,2026-04-25T16:27:35-07:00,4,39
index.html,30,html,c7f4d7b9,Sonya Schloss,2026-04-25,16:27:35,-07:00,2026-04-25T16:27:35-07:00,2,4
index.html,31,html,6d73df6e,Sonya Schloss,2026-04-01,16:34:45,-07:00,2026-04-01T16:34:45-07:00,0,5
index.html,32,html,6d73df6e,Sonya Schloss,2026-04-01,16:34:45,-07:00,2026-04-01T16:34:45-07:00,0,5
global.js,1,js,7706f286,Sonya Schloss,2026-07-19,12:23:54,-07:00,2026-07-19T12:23:54-07:00,0,28
global.js,2,js,5a96a71b,Sonya Schloss,2026-04-17,15:35:42,-07:00,2026-04-17T15:35:42-07:00,0,0
global.js,3,js,5a96a71b,Sonya Schloss,2026-04-17,15:35:42,-07:00,2026-04-17T15:35:42-07:00,0,41
global.js,4,js,5a96a71b,Sonya Schloss,2026-04-17,15:35:42,-07:00,2026-04-17T15:35:42-07:00,1,52
global.js,5,js,5a96a71b,Sonya Schloss,2026-04-17,15:35:42,-07:00,2026-04-17T15:35:42-07:00,0,0
global.js,6,js,5a96a71b,Sonya Schloss,2026-04-17,15:35:42,-07:00,2026-04-17T15:35:42-07:00,0,0
global.js,7,js,5a96a71b,Sonya Schloss,2026-04-17,15:35:42,-07:00,2026-04-17T15:35:42-07:00,0,21
global.js,8,js,5a96a71b,Sonya Schloss,2026-04-17,15:35:42,-07:00,2026-04-17T15:35:42-07:00,0,11
global.js,9,js,5a96a71b,Sonya Schloss,2026-04-17,15:35:42,-07:00,2026-04-17T15:35:42-07:00,1,25
global.js,10,js,5a96a71b,Sonya Schloss,2026-04-17,15:35:42,-07:00,2026-04-17T15:35:42-07:00,1,38
global.js,11,js,5a96a71b,Sonya Schloss,2026-04-17,15:35:42,-07:00,2026-04-17T15:35:42-07:00,1,34
global.js,12,js,5a96a71b,Sonya Schloss,2026-04-17,15:35:42,-07:00,2026-04-17T15:35:42-07:00,1,36
global.js,13,js,5d2a9d70,Sonya Schloss,2026-05-07,20:27:53,-07:00,2026-05-07T20:27:53-07:00,1,30
global.js,14,js,5a96a71b,Sonya Schloss,2026-04-17,15:35:42,-07:00,2026-04-17T15:35:42-07:00,1,55
global.js,15,js,5a96a71b,Sonya Schloss,2026-04-17,15:35:42,-07:00,2026-04-17T15:35:42-07:00,0,0
global.js,16,js,5a96a71b,Sonya Schloss,2026-04-17,15:35:42,-07:00,2026-04-17T15:35:42-07:00,0,38
global.js,17,js,5a96a71b,Sonya Schloss,2026-04-17,15:35:42,-07:00,2026-04-17T15:35:42-07:00,0,25
global.js,18,js,5a96a71b,Sonya Schloss,2026-04-17,15:35:42,-07:00,2026-04-17T15:35:42-07:00,0,88
global.js,19,js,5a96a71b,Sonya Schloss,2026-04-17,15:35:42,-07:00,2026-04-17T15:35:42-07:00,1,36
global.js,20,js,5a96a71b,Sonya Schloss,2026-04-17,15:35:42,-07:00,2026-04-17T15:35:42-07:00,1,46
global.js,21,js,5a96a71b,Sonya Schloss,2026-04-17,15:35:42,-07:00,2026-04-17T15:35:42-07:00,0,20
global.js,22,js,5a96a71b,Sonya Schloss,2026-04-17,15:35:42,-07:00,2026-04-17T15:35:42-07:00,1,14
global.js,23,js,5a96a71b,Sonya Schloss,2026-04-17,15:35:42,-07:00,2026-04-17T15:35:42-07:00,1,52
global.js,24,js,5a96a71b,Sonya Schloss,2026-04-17,15:35:42,-07:00,2026-04-17T15:35:42-07:00,1,18
global.js,25,js,5a96a71b,Sonya Schloss,2026-04-17,15:35:42,-07:00,2026-04-17T15:35:42-07:00,1,34
global.js,26,js,5a96a71b,Sonya Schloss,2026-04-17,15:35:42,-07:00,2026-04-17T15:35:42-07:00,1,11
global.js,27,js,5a96a71b,Sonya Schloss,2026-04-17,15:35:42,-07:00,2026-04-17T15:35:42-07:00,1,20
global.js,28,js,5a96a71b,Sonya Schloss,2026-04-17,15:35:42,-07:00,2026-04-17T15:35:42-07:00,1,17
global.js,29,js,5a96a71b,Sonya Schloss,2026-04-17,15:35:42,-07:00,2026-04-17T15:35:42-07:00,2,8
global.js,30,js,5a96a71b,Sonya Schloss,2026-04-17,15:35:42,-07:00,2026-04-17T15:35:42-07:00,2,58
global.js,31,js,5a96a71b,Sonya Schloss,2026-04-17,15:35:42,-07:00,2026-04-17T15:35:42-07:00,1,0
global.js,32,js,5a96a71b,Sonya Schloss,2026-04-17,15:35:42,-07:00,2026-04-17T15:35:42-07:00,1,29
global.js,33,js,5a96a71b,Sonya Schloss,2026-04-17,15:35:42,-07:00,2026-04-17T15:35:42-07:00,2,33
global.js,34,js,5a96a71b,Sonya Schloss,2026-04-17,15:35:42,-07:00,2026-04-17T15:35:42-07:00,1,0
global.js,35,js,5a96a71b,Sonya Schloss,2026-04-17,15:35:42,-07:00,2026-04-17T15:35:42-07:00,1,12
global.js,36,js,5a96a71b,Sonya Schloss,2026-04-17,15:35:42,-07:00,2026-04-17T15:35:42-07:00,0,0
global.js,37,js,5a96a71b,Sonya Schloss,2026-04-17,15:35:42,-07:00,2026-04-17T15:35:42-07:00,0,23
global.js,38,js,5a96a71b,Sonya Schloss,2026-04-17,15:35:42,-07:00,2026-04-17T15:35:42-07:00,0,15
global.js,39,js,5a96a71b,Sonya Schloss,2026-04-17,15:35:42,-07:00,2026-04-17T15:35:42-07:00,0,31
global.js,40,js,5a96a71b,Sonya Schloss,2026-04-17,15:35:42,-07:00,2026-04-17T15:35:42-07:00,1,11
global.js,41,js,5a96a71b,Sonya Schloss,2026-04-17,15:35:42,-07:00,2026-04-17T15:35:42-07:00,1,0
global.js,42,js,5a96a71b,Sonya Schloss,2026-04-17,15:35:42,-07:00,2026-04-17T15:35:42-07:00,0,26
global.js,43,js,5a96a71b,Sonya Schloss,2026-04-17,15:35:42,-07:00,2026-04-17T15:35:42-07:00,0,4
global.js,44,js,5a96a71b,Sonya Schloss,2026-04-17,15:35:42,-07:00,2026-04-17T15:35:42-07:00,0,6
global.js,45,js,5a96a71b,Sonya Schloss,2026-04-17,15:35:42,-07:00,2026-04-17T15:35:42-07:00,0,43
global.js,46,js,5a96a71b,Sonya Schloss,2026-04-17,15:35:42,-07:00,2026-04-17T15:35:42-07:00,6,34
global.js,47,js,5a96a71b,Sonya Schloss,2026-04-17,15:35:42,-07:00,2026-04-17T15:35:42-07:00,6,32
global.js,48,js,5a96a71b,Sonya Schloss,2026-04-17,15:35:42,-07:00,2026-04-17T15:35:42-07:00,0,7
global.js,49,js,5a96a71b,Sonya Schloss,2026-04-17,15:35:42,-07:00,2026-04-17T15:35:42-07:00,0,8
global.js,50,js,5a96a71b,Sonya Schloss,2026-04-17,15:35:42,-07:00,2026-04-17T15:35:42-07:00,0,0
global.js,51,js,5a96a71b,Sonya Schloss,2026-04-17,15:35:42,-07:00,2026-04-17T15:35:42-07:00,0,31
global.js,52,js,5a96a71b,Sonya Schloss,2026-04-17,15:35:42,-07:00,2026-04-17T15:35:42-07:00,1,65
global.js,53,js,5a96a71b,Sonya Schloss,2026-04-17,15:35:42,-07:00,2026-04-17T15:35:42-07:00,1,20
global.js,54,js,5a96a71b,Sonya Schloss,2026-04-17,15:35:42,-07:00,2026-04-17T15:35:42-07:00,0,0
global.js,55,js,5a96a71b,Sonya Schloss,2026-04-17,15:35:42,-07:00,2026-04-17T15:35:42-07:00,0,0
global.js,56,js,5a96a71b,Sonya Schloss,2026-04-17,15:35:42,-07:00,2026-04-17T15:35:42-07:00,0,58
global.js,57,js,5a96a71b,Sonya Schloss,2026-04-17,15:35:42,-07:00,2026-04-17T15:35:42-07:00,0,0
global.js,58,js,5a96a71b,Sonya Schloss,2026-04-17,15:35:42,-07:00,2026-04-17T15:35:42-07:00,0,34
global.js,59,js,5a96a71b,Sonya Schloss,2026-04-17,15:35:42,-07:00,2026-04-17T15:35:42-07:00,1,39
global.js,60,js,5a96a71b,Sonya Schloss,2026-04-17,15:35:42,-07:00,2026-04-17T15:35:42-07:00,0,0
global.js,61,js,5a96a71b,Sonya Schloss,2026-04-17,15:35:42,-07:00,2026-04-17T15:35:42-07:00,0,0
global.js,62,js,5a96a71b,Sonya Schloss,2026-04-17,15:35:42,-07:00,2026-04-17T15:35:42-07:00,0,49
global.js,63,js,5a96a71b,Sonya Schloss,2026-04-17,15:35:42,-07:00,2026-04-17T15:35:42-07:00,1,44
global.js,64,js,5a96a71b,Sonya Schloss,2026-04-17,15:35:42,-07:00,2026-04-17T15:35:42-07:00,1,33
global.js,65,js,5a96a71b,Sonya Schloss,2026-04-17,15:35:42,-07:00,2026-04-17T15:35:42-07:00,0,1
global.js,66,js,5a96a71b,Sonya Schloss,2026-04-17,15:35:42,-07:00,2026-04-17T15:35:42-07:00,0,0
global.js,67,js,7706f286,Sonya Schloss,2026-07-19,12:23:54,-07:00,2026-07-19T12:23:54-07:00,0,24
global.js,68,js,7706f286,Sonya Schloss,2026-07-19,12:23:54,-07:00,2026-07-19T12:23:54-07:00,0,40
global.js,69,js,7706f286,Sonya Schloss,2026-07-19,12:23:54,-07:00,2026-07-19T12:23:54-07:00,0,0
global.js,70,js,7706f286,Sonya Schloss,2026-07-19,12:23:54,-07:00,2026-07-19T12:23:54-07:00,0,49
global.js,71,js,7706f286,Sonya Schloss,2026-07-19,12:23:54,-07:00,2026-07-19T12:23:54-07:00,1,21
global.js,72,js,7706f286,Sonya Schloss,2026-07-19,12:23:54,-07:00,2026-07-19T12:23:54-07:00,1,28
global.js,73,js,7706f286,Sonya Schloss,2026-07-19,12:23:54,-07:00,2026-07-19T12:23:54-07:00,1,14
global.js,74,js,7706f286,Sonya Schloss,2026-07-19,12:23:54,-07:00,2026-07-19T12:23:54-07:00,1,31
global.js,75,js,7706f286,Sonya Schloss,2026-07-19,12:23:54,-07:00,2026-07-19T12:23:54-07:00,2,70
global.js,76,js,7706f286,Sonya Schloss,2026-07-19,12:23:54,-07:00,2026-07-19T12:23:54-07:00,1,0
global.js,77,js,7706f286,Sonya Schloss,2026-07-19,12:23:54,-07:00,2026-07-19T12:23:54-07:00,1,45
global.js,78,js,7706f286,Sonya Schloss,2026-07-19,12:23:54,-07:00,2026-07-19T12:23:54-07:00,1,18
global.js,79,js,7706f286,Sonya Schloss,2026-07-19,12:23:54,-07:00,2026-07-19T12:23:54-07:00,0,1
global.js,80,js,7706f286,Sonya Schloss,2026-07-19,12:23:54,-07:00,2026-07-19T12:23:54-07:00,0,0
global.js,81,js,cab843b6,Sonya Schloss,2026-04-24,19:10:51,-07:00,2026-04-24T19:10:51-07:00,0,21
global.js,82,js,cab843b6,Sonya Schloss,2026-04-24,19:10:51,-07:00,2026-04-24T19:10:51-07:00,0,36
global.js,83,js,cab843b6,Sonya Schloss,2026-04-24,19:10:51,-07:00,2026-04-24T19:10:51-07:00,1,3
global.js,84,js,cab843b6,Sonya Schloss,2026-04-24,19:10:51,-07:00,2026-04-24T19:10:51-07:00,2,39
global.js,85,js,cab843b6,Sonya Schloss,2026-04-24,19:10:51,-07:00,2026-04-24T19:10:51-07:00,2,32
global.js,86,js,cab843b6,Sonya Schloss,2026-04-24,19:10:51,-07:00,2026-04-24T19:10:51-07:00,2,23
global.js,87,js,cab843b6,Sonya Schloss,2026-04-24,19:10:51,-07:00,2026-04-24T19:10:51-07:00,2,17
global.js,88,js,cab843b6,Sonya Schloss,2026-04-24,19:10:51,-07:00,2026-04-24T19:10:51-07:00,3,66
global.js,89,js,cab843b6,Sonya Schloss,2026-04-24,19:10:51,-07:00,2026-04-24T19:10:51-07:00,2,0
global.js,90,js,cab843b6,Sonya Schloss,2026-04-24,19:10:51,-07:00,2026-04-24T19:10:51-07:00,2,33
global.js,91,js,cab843b6,Sonya Schloss,2026-04-24,19:10:51,-07:00,2026-04-24T19:10:51-07:00,2,10
global.js,92,js,cab843b6,Sonya Schloss,2026-04-24,19:10:51,-07:00,2026-04-24T19:10:51-07:00,1,15
global.js,93,js,cab843b6,Sonya Schloss,2026-04-24,19:10:51,-07:00,2026-04-24T19:10:51-07:00,2,59
global.js,94,js,cab843b6,Sonya Schloss,2026-04-24,19:10:51,-07:00,2026-04-24T19:10:51-07:00,1,0
global.js,95,js,cab843b6,Sonya Schloss,2026-04-24,19:10:51,-07:00,2026-04-24T19:10:51-07:00,0,0
global.js,96,js,cab843b6,Sonya Schloss,2026-04-24,19:10:51,-07:00,2026-04-24T19:10:51-07:00,0,16
global.js,97,js,cab843b6,Sonya Schloss,2026-04-24,19:10:51,-07:00,2026-04-24T19:10:51-07:00,0,79
global.js,98,js,cab843b6,Sonya Schloss,2026-04-24,19:10:51,-07:00,2026-04-24T19:10:51-07:00,1,23
global.js,99,js,cab843b6,Sonya Schloss,2026-04-24,19:10:51,-07:00,2026-04-24T19:10:51-07:00,1,57
global.js,100,js,cab843b6,Sonya Schloss,2026-04-24,19:10:51,-07:00,2026-04-24T19:10:51-07:00,1,42
global.js,101,js,cab843b6,Sonya Schloss,2026-04-24,19:10:51,-07:00,2026-04-24T19:10:51-07:00,2,18
global.js,102,js,cab843b6,Sonya Schloss,2026-04-24,19:10:51,-07:00,2026-04-24T19:10:51-07:00,1,0
global.js,103,js,cab843b6,Sonya Schloss,2026-04-24,19:10:51,-07:00,2026-04-24T19:10:51-07:00,1,23
global.js,104,js,cab843b6,Sonya Schloss,2026-04-24,19:10:51,-07:00,2026-04-24T19:10:51-07:00,1,30
global.js,105,js,cab843b6,Sonya Schloss,2026-04-24,19:10:51,-07:00,2026-04-24T19:10:51-07:00,1,35
global.js,106,js,cab843b6,Sonya Schloss,2026-04-24,19:10:51,-07:00,2026-04-24T19:10:51-07:00,1,31
global.js,107,js,cab843b6,Sonya Schloss,2026-04-24,19:10:51,-07:00,2026-04-24T19:10:51-07:00,2,48
global.js,108,js,cab843b6,Sonya Schloss,2026-04-24,19:10:51,-07:00,2026-04-24T19:10:51-07:00,2,48
global.js,109,js,fb430cd0,Sonya Schloss,2026-05-16,14:56:47,-07:00,2026-05-16T14:56:47-07:00,2,27
global.js,110,js,fb430cd0,Sonya Schloss,2026-05-16,14:56:47,-07:00,2026-05-16T14:56:47-07:00,3,55
global.js,111,js,fb430cd0,Sonya Schloss,2026-05-16,14:56:47,-07:00,2026-05-16T14:56:47-07:00,3,6
global.js,112,js,fb430cd0,Sonya Schloss,2026-05-16,14:56:47,-07:00,2026-05-16T14:56:47-07:00,2,25
global.js,113,js,fb430cd0,Sonya Schloss,2026-05-16,14:56:47,-07:00,2026-05-16T14:56:47-07:00,3,37
global.js,114,js,d6523e04,Sonya Schloss,2026-04-25,17:17:06,-07:00,2026-04-25T17:17:06-07:00,3,56
global.js,115,js,cab843b6,Sonya Schloss,2026-04-24,19:10:51,-07:00,2026-04-24T19:10:51-07:00,2,48
global.js,116,js,cab843b6,Sonya Schloss,2026-04-24,19:10:51,-07:00,2026-04-24T19:10:51-07:00,2,68
global.js,117,js,cab843b6,Sonya Schloss,2026-04-24,19:10:51,-07:00,2026-04-24T19:10:51-07:00,0,0
global.js,118,js,cab843b6,Sonya Schloss,2026-04-24,19:10:51,-07:00,2026-04-24T19:10:51-07:00,2,19
global.js,119,js,fb430cd0,Sonya Schloss,2026-05-16,14:56:47,-07:00,2026-05-16T14:56:47-07:00,3,45
global.js,120,js,cab843b6,Sonya Schloss,2026-04-24,19:10:51,-07:00,2026-04-24T19:10:51-07:00,3,31
global.js,121,js,8041c0b9,Sonya Schloss,2026-04-30,16:38:27,-07:00,2026-04-30T16:38:27-07:00,3,3
global.js,122,js,8041c0b9,Sonya Schloss,2026-04-30,16:38:27,-07:00,2026-04-30T16:38:27-07:00,4,19
global.js,123,js,8041c0b9,Sonya Schloss,2026-04-30,16:38:27,-07:00,2026-04-30T16:38:27-07:00,4,44
global.js,124,js,8041c0b9,Sonya Schloss,2026-04-30,16:38:27,-07:00,2026-04-30T16:38:27-07:00,3,4
global.js,125,js,cab843b6,Sonya Schloss,2026-04-24,19:10:51,-07:00,2026-04-24T19:10:51-07:00,2,0
global.js,126,js,cab843b6,Sonya Schloss,2026-04-24,19:10:51,-07:00,2026-04-24T19:10:51-07:00,2,36
global.js,127,js,cab843b6,Sonya Schloss,2026-04-24,19:10:51,-07:00,2026-04-24T19:10:51-07:00,1,0
global.js,128,js,cab843b6,Sonya Schloss,2026-04-24,19:10:51,-07:00,2026-04-24T19:10:51-07:00,0,0
global.js,129,js,c7f4d7b9,Sonya Schloss,2026-04-25,16:27:35,-07:00,2026-04-25T16:27:35-07:00,0,0
global.js,130,js,c7f4d7b9,Sonya Schloss,2026-04-25,16:27:35,-07:00,2026-04-25T16:27:35-07:00,0,17
global.js,131,js,c7f4d7b9,Sonya Schloss,2026-04-25,16:27:35,-07:00,2026-04-25T16:27:35-07:00,0,47
global.js,132,js,c7f4d7b9,Sonya Schloss,2026-04-25,16:27:35,-07:00,2026-04-25T16:27:35-07:00,1,59
global.js,133,js,c7f4d7b9,Sonya Schloss,2026-04-25,16:27:35,-07:00,2026-04-25T16:27:35-07:00,0,0
global.js,134,js,c7f4d7b9,Sonya Schloss,2026-04-25,16:27:35,-07:00,2026-04-25T16:27:35-07:00,0,0
resume/index.html,1,html,1441ed90,Sonya Schloss,2026-04-03,19:02:01,-07:00,2026-04-03T19:02:01-07:00,0,13
resume/index.html,2,html,1441ed90,Sonya Schloss,2026-04-03,19:02:01,-07:00,2026-04-03T19:02:01-07:00,0,14
resume/index.html,3,html,1441ed90,Sonya Schloss,2026-04-03,19:02:01,-07:00,2026-04-03T19:02:01-07:00,0,4
resume/index.html,4,html,1441ed90,Sonya Schloss,2026-04-03,19:02:01,-07:00,2026-04-03T19:02:01-07:00,2,20
resume/index.html,5,html,1441ed90,Sonya Schloss,2026-04-03,19:02:01,-07:00,2026-04-03T19:02:01-07:00,2,68
resume/index.html,6,html,1441ed90,Sonya Schloss,2026-04-03,19:02:01,-07:00,2026-04-03T19:02:01-07:00,2,19
resume/index.html,7,html,1441ed90,Sonya Schloss,2026-04-03,19:02:01,-07:00,2026-04-03T19:02:01-07:00,2,41
resume/index.html,8,html,5a96a71b,Sonya Schloss,2026-04-17,15:35:42,-07:00,2026-04-17T15:35:42-07:00,2,48
resume/index.html,9,html,1441ed90,Sonya Schloss,2026-04-03,19:02:01,-07:00,2026-04-03T19:02:01-07:00,0,5
resume/index.html,10,html,1441ed90,Sonya Schloss,2026-04-03,19:02:01,-07:00,2026-04-03T19:02:01-07:00,0,4
resume/index.html,11,html,5a96a71b,Sonya Schloss,2026-04-17,15:35:42,-07:00,2026-04-17T15:35:42-07:00,2,8
resume/index.html,12,html,1441ed90,Sonya Schloss,2026-04-03,19:02:01,-07:00,2026-04-03T19:02:01-07:00,4,30
resume/index.html,13,html,1441ed90,Sonya Schloss,2026-04-03,19:02:01,-07:00,2026-04-03T19:02:01-07:00,4,43
resume/index.html,14,html,5a96a71b,Sonya Schloss,2026-04-17,15:35:42,-07:00,2026-04-17T15:35:42-07:00,4,29
resume/index.html,15,html,1441ed90,Sonya Schloss,2026-04-03,19:02:01,-07:00,2026-04-03T19:02:01-07:00,4,41
resume/index.html,16,html,1441ed90,Sonya Schloss,2026-04-03,19:02:01,-07:00,2026-04-03T19:02:01-07:00,4,63
resume/index.html,17,html,5a96a71b,Sonya Schloss,2026-04-17,15:35:42,-07:00,2026-04-17T15:35:42-07:00,2,8
resume/index.html,18,html,1441ed90,Sonya Schloss,2026-04-03,19:02:01,-07:00,2026-04-03T19:02:01-07:00,2,16
resume/index.html,19,html,83e968a0,Sonya Schloss,2026-04-10,14:23:40,-07:00,2026-04-10T14:23:40-07:00,2,28
resume/index.html,20,html,1441ed90,Sonya Schloss,2026-04-03,19:02:01,-07:00,2026-04-03T19:02:01-07:00,4,20
resume/index.html,21,html,83e968a0,Sonya Schloss,2026-04-10,14:23:40,-07:00,2026-04-10T14:23:40-07:00,4,1
resume/index.html,22,html,83e968a0,Sonya Schloss,2026-04-10,14:23:40,-07:00,2026-04-10T14:23:40-07:00,6,27
resume/index.html,23,html,83e968a0,Sonya Schloss,2026-04-10,14:23:40,-07:00,2026-04-10T14:23:40-07:00,6,24
resume/index.html,24,html,83e968a0,Sonya Schloss,2026-04-10,14:23:40,-07:00,2026-04-10T14:23:40-07:00,6,34
resume/index.html,25,html,83e968a0,Sonya Schloss,2026-04-10,14:23:40,-07:00,2026-04-10T14:23:40-07:00,6,29
resume/index.html,26,html,1441ed90,Sonya Schloss,2026-04-03,19:02:01,-07:00,2026-04-03T19:02:01-07:00,4,2
resume/index.html,27,html,1441ed90,Sonya Schloss,2026-04-03,19:02:01,-07:00,2026-04-03T19:02:01-07:00,2,8
resume/index.html,28,html,83e968a0,Sonya Schloss,2026-04-10,14:23:40,-07:00,2026-04-10T14:23:40-07:00,2,22
resume/index.html,29,html,1441ed90,Sonya Schloss,2026-04-03,19:02:01,-07:00,2026-04-03T19:02:01-07:00,4,16
resume/index.html,30,html,83e968a0,Sonya Schloss,2026-04-10,14:23:40,-07:00,2026-04-10T14:23:40-07:00,4,3
resume/index.html,31,html,83e968a0,Sonya Schloss,2026-04-10,14:23:40,-07:00,2026-04-10T14:23:40-07:00,6,1
resume/index.html,32,html,83e968a0,Sonya Schloss,2026-04-10,14:23:40,-07:00,2026-04-10T14:23:40-07:00,8,54
resume/index.html,33,html,1441ed90,Sonya Schloss,2026-04-03,19:02:01,-07:00,2026-04-03T19:02:01-07:00,6,38
resume/index.html,34,html,1441ed90,Sonya Schloss,2026-04-03,19:02:01,-07:00,2026-04-03T19:02:01-07:00,6,32
resume/index.html,35,html,1441ed90,Sonya Schloss,2026-04-03,19:02:01,-07:00,2026-04-03T19:02:01-07:00,6,188
resume/index.html,36,html,83e968a0,Sonya Schloss,2026-04-10,14:23:40,-07:00,2026-04-10T14:23:40-07:00,6,2
resume/index.html,37,html,83e968a0,Sonya Schloss,2026-04-10,14:23:40,-07:00,2026-04-10T14:23:40-07:00,6,1
resume/index.html,38,html,83e968a0,Sonya Schloss,2026-04-10,14:23:40,-07:00,2026-04-10T14:23:40-07:00,8,63
resume/index.html,39,html,83e968a0,Sonya Schloss,2026-04-10,14:23:40,-07:00,2026-04-10T14:23:40-07:00,6,2
resume/index.html,40,html,83e968a0,Sonya Schloss,2026-04-10,14:23:40,-07:00,2026-04-10T14:23:40-07:00,6,2
resume/index.html,41,html,83e968a0,Sonya Schloss,2026-04-10,14:23:40,-07:00,2026-04-10T14:23:40-07:00,8,26
resume/index.html,42,html,83e968a0,Sonya Schloss,2026-04-10,14:23:40,-07:00,2026-04-10T14:23:40-07:00,8,50
resume/index.html,43,html,83e968a0,Sonya Schloss,2026-04-10,14:23:40,-07:00,2026-04-10T14:23:40-07:00,6,3
resume/index.html,44,html,83e968a0,Sonya Schloss,2026-04-10,14:23:40,-07:00,2026-04-10T14:23:40-07:00,4,4
resume/index.html,45,html,1441ed90,Sonya Schloss,2026-04-03,19:02:01,-07:00,2026-04-03T19:02:01-07:00,2,8
resume/index.html,46,html,83e968a0,Sonya Schloss,2026-04-10,14:23:40,-07:00,2026-04-10T14:23:40-07:00,2,22
resume/index.html,47,html,1441ed90,Sonya Schloss,2026-04-03,19:02:01,-07:00,2026-04-03T19:02:01-07:00,4,13
resume/index.html,48,html,83e968a0,Sonya Schloss,2026-04-10,14:23:40,-07:00,2026-04-10T14:23:40-07:00,4,1
resume/index.html,49,html,83e968a0,Sonya Schloss,2026-04-10,14:23:40,-07:00,2026-04-10T14:23:40-07:00,6,85
resume/index.html,50,html,83e968a0,Sonya Schloss,2026-04-10,14:23:40,-07:00,2026-04-10T14:23:40-07:00,6,125
resume/index.html,51,html,83e968a0,Sonya Schloss,2026-04-10,14:23:40,-07:00,2026-04-10T14:23:40-07:00,4,2
resume/index.html,52,html,1441ed90,Sonya Schloss,2026-04-03,19:02:01,-07:00,2026-04-03T19:02:01-07:00,2,8
resume/index.html,53,html,83e968a0,Sonya Schloss,2026-04-10,14:23:40,-07:00,2026-04-10T14:23:40-07:00,2,22
resume/index.html,54,html,1441ed90,Sonya Schloss,2026-04-03,19:02:01,-07:00,2026-04-03T19:02:01-07:00,4,17
resume/index.html,55,html,83e968a0,Sonya Schloss,2026-04-10,14:23:40,-07:00,2026-04-10T14:23:40-07:00,4,3
resume/index.html,56,html,83e968a0,Sonya Schloss,2026-04-10,14:23:40,-07:00,2026-04-10T14:23:40-07:00,6,111
resume/index.html,57,html,83e968a0,Sonya Schloss,2026-04-10,14:23:40,-07:00,2026-04-10T14:23:40-07:00,6,2
resume/index.html,58,html,83e968a0,Sonya Schloss,2026-04-10,14:23:40,-07:00,2026-04-10T14:23:40-07:00,8,118
resume/index.html,59,html,83e968a0,Sonya Schloss,2026-04-10,14:23:40,-07:00,2026-04-10T14:23:40-07:00,8,94
resume/index.html,60,html,83e968a0,Sonya Schloss,2026-04-10,14:23:40,-07:00,2026-04-10T14:23:40-07:00,8,60
resume/index.html,61,html,83e968a0,Sonya Schloss,2026-04-10,14:23:40,-07:00,2026-04-10T14:23:40-07:00,8,72
resume/index.html,62,html,83e968a0,Sonya Schloss,2026-04-10,14:23:40,-07:00,2026-04-10T14:23:40-07:00,8,56
resume/index.html,63,html,83e968a0,Sonya Schloss,2026-04-10,14:23:40,-07:00,2026-04-10T14:23:40-07:00,6,3
resume/index.html,64,html,83e968a0,Sonya Schloss,2026-04-10,14:23:40,-07:00,2026-04-10T14:23:40-07:00,6,129
resume/index.html,65,html,83e968a0,Sonya Schloss,2026-04-10,14:23:40,-07:00,2026-04-10T14:23:40-07:00,6,2
resume/index.html,66,html,83e968a0,Sonya Schloss,2026-04-10,14:23:40,-07:00,2026-04-10T14:23:40-07:00,8,91
resume/index.html,67,html,83e968a0,Sonya Schloss,2026-04-10,14:23:40,-07:00,2026-04-10T14:23:40-07:00,8,60
resume/index.html,68,html,83e968a0,Sonya Schloss,2026-04-10,14:23:40,-07:00,2026-04-10T14:23:40-07:00,8,69
resume/index.html,69,html,83e968a0,Sonya Schloss,2026-04-10,14:23:40,-07:00,2026-04-10T14:23:40-07:00,6,3
resume/index.html,70,html,83e968a0,Sonya Schloss,2026-04-10,14:23:40,-07:00,2026-04-10T14:23:40-07:00,0,0
resume/index.html,71,html,83e968a0,Sonya Schloss,2026-04-10,14:23:40,-07:00,2026-04-10T14:23:40-07:00,6,63
resume/index.html,72,html,83e968a0,Sonya Schloss,2026-04-10,14:23:40,-07:00,2026-04-10T14:23:40-07:00,6,2
resume/index.html,73,html,83e968a0,Sonya Schloss,2026-04-10,14:23:40,-07:00,2026-04-10T14:23:40-07:00,8,115
resume/index.html,74,html,83e968a0,Sonya Schloss,2026-04-10,14:23:40,-07:00,2026-04-10T14:23:40-07:00,6,3
resume/index.html,75,html,83e968a0,Sonya Schloss,2026-04-10,14:23:40,-07:00,2026-04-10T14:23:40-07:00,4,4
resume/index.html,76,html,1441ed90,Sonya Schloss,2026-04-03,19:02:01,-07:00,2026-04-03T19:02:01-07:00,2,8
resume/index.html,77,html,83e968a0,Sonya Schloss,2026-04-10,14:23:40,-07:00,2026-04-10T14:23:40-07:00,2,22
resume/index.html,78,html,1441ed90,Sonya Schloss,2026-04-03,19:02:01,-07:00,2026-04-03T19:02:01-07:00,4,15
resume/index.html,79,html,1441ed90,Sonya Schloss,2026-04-03,19:02:01,-07:00,2026-04-03T19:02:01-07:00,4,63
resume/index.html,80,html,1441ed90,Sonya Schloss,2026-04-03,19:02:01,-07:00,2026-04-03T19:02:01-07:00,2,8
resume/index.html,81,html,1441ed90,Sonya Schloss,2026-04-03,19:02:01,-07:00,2026-04-03T19:02:01-07:00,0,5
resume/index.html,82,html,1441ed90,Sonya Schloss,2026-04-03,19:02:01,-07:00,2026-04-03T19:02:01-07:00,0,5
projects/projects.js,1,js,cab843b6,Sonya Schloss,2026-04-24,19:10:51,-07:00,2026-04-24T19:10:51-07:00,0,55
projects/projects.js,2,js,8041c0b9,Sonya Schloss,2026-04-30,16:38:27,-07:00,2026-04-30T16:38:27-07:00,0,63
projects/projects.js,3,js,cab843b6,Sonya Schloss,2026-04-24,19:10:51,-07:00,2026-04-24T19:10:51-07:00,0,19
projects/projects.js,4,js,8041c0b9,Sonya Schloss,2026-04-30,16:38:27,-07:00,2026-04-30T16:38:27-07:00,0,53
projects/projects.js,5,js,cab843b6,Sonya Schloss,2026-04-24,19:10:51,-07:00,2026-04-24T19:10:51-07:00,0,26
projects/projects.js,6,js,cab843b6,Sonya Schloss,2026-04-24,19:10:51,-07:00,2026-04-24T19:10:51-07:00,0,60
projects/projects.js,7,js,cab843b6,Sonya Schloss,2026-04-24,19:10:51,-07:00,2026-04-24T19:10:51-07:00,0,16
projects/projects.js,8,js,cab843b6,Sonya Schloss,2026-04-24,19:10:51,-07:00,2026-04-24T19:10:51-07:00,0,48
projects/projects.js,9,js,cab843b6,Sonya Schloss,2026-04-24,19:10:51,-07:00,2026-04-24T19:10:51-07:00,0,32
projects/projects.js,10,js,cab843b6,Sonya Schloss,2026-04-24,19:10:51,-07:00,2026-04-24T19:10:51-07:00,0,62
projects/projects.js,11,js,cab843b6,Sonya Schloss,2026-04-24,19:10:51,-07:00,2026-04-24T19:10:51-07:00,0,56
projects/projects.js,12,js,8041c0b9,Sonya Schloss,2026-04-30,16:38:27,-07:00,2026-04-30T16:38:27-07:00,0,0
projects/projects.js,13,js,ab5bb2a5,Sonya Schloss,2026-04-30,20:47:39,-07:00,2026-04-30T20:47:39-07:00,0,23
projects/projects.js,14,js,ab5bb2a5,Sonya Schloss,2026-04-30,20:47:39,-07:00,2026-04-30T20:47:39-07:00,0,21
projects/projects.js,15,js,ab5bb2a5,Sonya Schloss,2026-04-30,20:47:39,-07:00,2026-04-30T20:47:39-07:00,0,13
projects/projects.js,16,js,ab5bb2a5,Sonya Schloss,2026-04-30,20:47:39,-07:00,2026-04-30T20:47:39-07:00,0,0
projects/projects.js,17,js,ab5bb2a5,Sonya Schloss,2026-04-30,20:47:39,-07:00,2026-04-30T20:47:39-07:00,0,25
projects/projects.js,18,js,ab5bb2a5,Sonya Schloss,2026-04-30,20:47:39,-07:00,2026-04-30T20:47:39-07:00,0,71
projects/projects.js,19,js,ab5bb2a5,Sonya Schloss,2026-04-30,20:47:39,-07:00,2026-04-30T20:47:39-07:00,0,46
projects/projects.js,20,js,ab5bb2a5,Sonya Schloss,2026-04-30,20:47:39,-07:00,2026-04-30T20:47:39-07:00,1,51
projects/projects.js,21,js,ab5bb2a5,Sonya Schloss,2026-04-30,20:47:39,-07:00,2026-04-30T20:47:39-07:00,0,0
projects/projects.js,22,js,ab5bb2a5,Sonya Schloss,2026-04-30,20:47:39,-07:00,2026-04-30T20:47:39-07:00,0,54
projects/projects.js,23,js,ab5bb2a5,Sonya Schloss,2026-04-30,20:47:39,-07:00,2026-04-30T20:47:39-07:00,0,30
projects/projects.js,24,js,ab5bb2a5,Sonya Schloss,2026-04-30,20:47:39,-07:00,2026-04-30T20:47:39-07:00,1,35
projects/projects.js,25,js,ab5bb2a5,Sonya Schloss,2026-04-30,20:47:39,-07:00,2026-04-30T20:47:39-07:00,2,96
projects/projects.js,26,js,ab5bb2a5,Sonya Schloss,2026-04-30,20:47:39,-07:00,2026-04-30T20:47:39-07:00,2,107
projects/projects.js,27,js,ab5bb2a5,Sonya Schloss,2026-04-30,20:47:39,-07:00,2026-04-30T20:47:39-07:00,2,34
projects/projects.js,28,js,ab5bb2a5,Sonya Schloss,2026-04-30,20:47:39,-07:00,2026-04-30T20:47:39-07:00,1,1
projects/projects.js,29,js,ab5bb2a5,Sonya Schloss,2026-04-30,20:47:39,-07:00,2026-04-30T20:47:39-07:00,0,0
projects/projects.js,30,js,ab5bb2a5,Sonya Schloss,2026-04-30,20:47:39,-07:00,2026-04-30T20:47:39-07:00,0,36
projects/projects.js,31,js,ab5bb2a5,Sonya Schloss,2026-04-30,20:47:39,-07:00,2026-04-30T20:47:39-07:00,1,35
projects/projects.js,32,js,ab5bb2a5,Sonya Schloss,2026-04-30,20:47:39,-07:00,2026-04-30T20:47:39-07:00,2,83
projects/projects.js,33,js,ab5bb2a5,Sonya Schloss,2026-04-30,20:47:39,-07:00,2026-04-30T20:47:39-07:00,1,1
projects/projects.js,34,js,ab5bb2a5,Sonya Schloss,2026-04-30,20:47:39,-07:00,2026-04-30T20:47:39-07:00,0,0
projects/projects.js,35,js,ab5bb2a5,Sonya Schloss,2026-04-30,20:47:39,-07:00,2026-04-30T20:47:39-07:00,0,0
projects/projects.js,36,js,8041c0b9,Sonya Schloss,2026-04-30,16:38:27,-07:00,2026-04-30T16:38:27-07:00,0,40
projects/projects.js,37,js,8041c0b9,Sonya Schloss,2026-04-30,16:38:27,-07:00,2026-04-30T16:38:27-07:00,0,38
projects/projects.js,38,js,8041c0b9,Sonya Schloss,2026-04-30,16:38:27,-07:00,2026-04-30T16:38:27-07:00,1,25
projects/projects.js,39,js,8041c0b9,Sonya Schloss,2026-04-30,16:38:27,-07:00,2026-04-30T16:38:27-07:00,1,29
projects/projects.js,40,js,8041c0b9,Sonya Schloss,2026-04-30,16:38:27,-07:00,2026-04-30T16:38:27-07:00,2,12
projects/projects.js,41,js,8041c0b9,Sonya Schloss,2026-04-30,16:38:27,-07:00,2026-04-30T16:38:27-07:00,2,14
projects/projects.js,42,js,8041c0b9,Sonya Schloss,2026-04-30,16:38:27,-07:00,2026-04-30T16:38:27-07:00,2,12
projects/projects.js,43,js,8041c0b9,Sonya Schloss,2026-04-30,16:38:27,-07:00,2026-04-30T16:38:27-07:00,1,0
projects/projects.js,44,js,8041c0b9,Sonya Schloss,2026-04-30,16:38:27,-07:00,2026-04-30T16:38:27-07:00,1,18
projects/projects.js,45,js,8041c0b9,Sonya Schloss,2026-04-30,16:38:27,-07:00,2026-04-30T16:38:27-07:00,1,50
projects/projects.js,46,js,8041c0b9,Sonya Schloss,2026-04-30,16:38:27,-07:00,2026-04-30T16:38:27-07:00,2,35
projects/projects.js,47,js,8041c0b9,Sonya Schloss,2026-04-30,16:38:27,-07:00,2026-04-30T16:38:27-07:00,1,1
projects/projects.js,48,js,8041c0b9,Sonya Schloss,2026-04-30,16:38:27,-07:00,2026-04-30T16:38:27-07:00,1,50
projects/projects.js,49,js,8041c0b9,Sonya Schloss,2026-04-30,16:38:27,-07:00,2026-04-30T16:38:27-07:00,1,57
projects/projects.js,50,js,8041c0b9,Sonya Schloss,2026-04-30,16:38:27,-07:00,2026-04-30T16:38:27-07:00,1,53
projects/projects.js,51,js,8041c0b9,Sonya Schloss,2026-04-30,16:38:27,-07:00,2026-04-30T16:38:27-07:00,1,42
projects/projects.js,52,js,8041c0b9,Sonya Schloss,2026-04-30,16:38:27,-07:00,2026-04-30T16:38:27-07:00,1,51
projects/projects.js,53,js,ab5bb2a5,Sonya Schloss,2026-04-30,20:47:39,-07:00,2026-04-30T20:47:39-07:00,1,50
projects/projects.js,54,js,8041c0b9,Sonya Schloss,2026-04-30,16:38:27,-07:00,2026-04-30T16:38:27-07:00,0,0
projects/projects.js,55,js,8041c0b9,Sonya Schloss,2026-04-30,16:38:27,-07:00,2026-04-30T16:38:27-07:00,1,27
projects/projects.js,56,js,8041c0b9,Sonya Schloss,2026-04-30,16:38:27,-07:00,2026-04-30T16:38:27-07:00,1,28
projects/projects.js,57,js,8041c0b9,Sonya Schloss,2026-04-30,16:38:27,-07:00,2026-04-30T16:38:27-07:00,1,32
projects/projects.js,58,js,8041c0b9,Sonya Schloss,2026-04-30,16:38:27,-07:00,2026-04-30T16:38:27-07:00,1,44
projects/projects.js,59,js,8041c0b9,Sonya Schloss,2026-04-30,16:38:27,-07:00,2026-04-30T16:38:27-07:00,1,25
projects/projects.js,60,js,8041c0b9,Sonya Schloss,2026-04-30,16:38:27,-07:00,2026-04-30T16:38:27-07:00,1,32
projects/projects.js,61,js,8041c0b9,Sonya Schloss,2026-04-30,16:38:27,-07:00,2026-04-30T16:38:27-07:00,1,27
projects/projects.js,62,js,8041c0b9,Sonya Schloss,2026-04-30,16:38:27,-07:00,2026-04-30T16:38:27-07:00,2,4
projects/projects.js,63,js,8041c0b9,Sonya Schloss,2026-04-30,16:38:27,-07:00,2026-04-30T16:38:27-07:00,3,11
projects/projects.js,64,js,8041c0b9,Sonya Schloss,2026-04-30,16:38:27,-07:00,2026-04-30T16:38:27-07:00,3,27
projects/projects.js,65,js,ab5bb2a5,Sonya Schloss,2026-04-30,20:47:39,-07:00,2026-04-30T20:47:39-07:00,3,50
projects/projects.js,66,js,8041c0b9,Sonya Schloss,2026-04-30,16:38:27,-07:00,2026-04-30T16:38:27-07:00,3,69
projects/projects.js,67,js,8041c0b9,Sonya Schloss,2026-04-30,16:38:27,-07:00,2026-04-30T16:38:27-07:00,1,1
projects/projects.js,68,js,ab5bb2a5,Sonya Schloss,2026-04-30,20:47:39,-07:00,2026-04-30T20:47:39-07:00,1,27
projects/projects.js,69,js,8041c0b9,Sonya Schloss,2026-04-30,16:38:27,-07:00,2026-04-30T16:38:27-07:00,2,4
projects/projects.js,70,js,8041c0b9,Sonya Schloss,2026-04-30,16:38:27,-07:00,2026-04-30T16:38:27-07:00,3,13
projects/projects.js,71,js,8041c0b9,Sonya Schloss,2026-04-30,16:38:27,-07:00,2026-04-30T16:38:27-07:00,3,13
projects/projects.js,72,js,ab5bb2a5,Sonya Schloss,2026-04-30,20:47:39,-07:00,2026-04-30T20:47:39-07:00,3,45
projects/projects.js,73,js,ab5bb2a5,Sonya Schloss,2026-04-30,20:47:39,-07:00,2026-04-30T20:47:39-07:00,3,18
projects/projects.js,74,js,ab5bb2a5,Sonya Schloss,2026-04-30,20:47:39,-07:00,2026-04-30T20:47:39-07:00,4,43
projects/projects.js,75,js,ab5bb2a5,Sonya Schloss,2026-04-30,20:47:39,-07:00,2026-04-30T20:47:39-07:00,4,4
projects/projects.js,76,js,ab5bb2a5,Sonya Schloss,2026-04-30,20:47:39,-07:00,2026-04-30T20:47:39-07:00,5,16
projects/projects.js,77,js,ab5bb2a5,Sonya Schloss,2026-04-30,20:47:39,-07:00,2026-04-30T20:47:39-07:00,5,26
projects/projects.js,78,js,ab5bb2a5,Sonya Schloss,2026-04-30,20:47:39,-07:00,2026-04-30T20:47:39-07:00,6,37
projects/projects.js,79,js,ab5bb2a5,Sonya Schloss,2026-04-30,20:47:39,-07:00,2026-04-30T20:47:39-07:00,4,1
projects/projects.js,80,js,ab5bb2a5,Sonya Schloss,2026-04-30,20:47:39,-07:00,2026-04-30T20:47:39-07:00,4,4
projects/projects.js,81,js,ab5bb2a5,Sonya Schloss,2026-04-30,20:47:39,-07:00,2026-04-30T20:47:39-07:00,5,14
projects/projects.js,82,js,ab5bb2a5,Sonya Schloss,2026-04-30,20:47:39,-07:00,2026-04-30T20:47:39-07:00,5,26
projects/projects.js,83,js,ab5bb2a5,Sonya Schloss,2026-04-30,20:47:39,-07:00,2026-04-30T20:47:39-07:00,6,37
projects/projects.js,84,js,ab5bb2a5,Sonya Schloss,2026-04-30,20:47:39,-07:00,2026-04-30T20:47:39-07:00,4,1
projects/projects.js,85,js,ab5bb2a5,Sonya Schloss,2026-04-30,20:47:39,-07:00,2026-04-30T20:47:39-07:00,4,28
projects/projects.js,86,js,ab5bb2a5,Sonya Schloss,2026-04-30,20:47:39,-07:00,2026-04-30T20:47:39-07:00,4,53
projects/projects.js,87,js,ab5bb2a5,Sonya Schloss,2026-04-30,20:47:39,-07:00,2026-04-30T20:47:39-07:00,4,9
projects/projects.js,88,js,ab5bb2a5,Sonya Schloss,2026-04-30,20:47:39,-07:00,2026-04-30T20:47:39-07:00,4,57
projects/projects.js,89,js,ab5bb2a5,Sonya Schloss,2026-04-30,20:47:39,-07:00,2026-04-30T20:47:39-07:00,4,36
projects/projects.js,90,js,ab5bb2a5,Sonya Schloss,2026-04-30,20:47:39,-07:00,2026-04-30T20:47:39-07:00,4,51
projects/projects.js,91,js,ab5bb2a5,Sonya Schloss,2026-04-30,20:47:39,-07:00,2026-04-30T20:47:39-07:00,4,102
projects/projects.js,92,js,ab5bb2a5,Sonya Schloss,2026-04-30,20:47:39,-07:00,2026-04-30T20:47:39-07:00,4,61
projects/projects.js,93,js,ab5bb2a5,Sonya Schloss,2026-04-30,20:47:39,-07:00,2026-04-30T20:47:39-07:00,4,2
projects/projects.js,94,js,ab5bb2a5,Sonya Schloss,2026-04-30,20:47:39,-07:00,2026-04-30T20:47:39-07:00,4,61
projects/projects.js,95,js,ab5bb2a5,Sonya Schloss,2026-04-30,20:47:39,-07:00,2026-04-30T20:47:39-07:00,3,1
projects/projects.js,96,js,8041c0b9,Sonya Schloss,2026-04-30,16:38:27,-07:00,2026-04-30T16:38:27-07:00,2,1
projects/projects.js,97,js,ab5bb2a5,Sonya Schloss,2026-04-30,20:47:39,-07:00,2026-04-30T20:47:39-07:00,1,4
projects/projects.js,98,js,ab5bb2a5,Sonya Schloss,2026-04-30,20:47:39,-07:00,2026-04-30T20:47:39-07:00,2,16
projects/projects.js,99,js,ab5bb2a5,Sonya Schloss,2026-04-30,20:47:39,-07:00,2026-04-30T20:47:39-07:00,2,26
projects/projects.js,100,js,ab5bb2a5,Sonya Schloss,2026-04-30,20:47:39,-07:00,2026-04-30T20:47:39-07:00,3,37
projects/projects.js,101,js,ab5bb2a5,Sonya Schloss,2026-04-30,20:47:39,-07:00,2026-04-30T20:47:39-07:00,2,1
projects/projects.js,102,js,ab5bb2a5,Sonya Schloss,2026-04-30,20:47:39,-07:00,2026-04-30T20:47:39-07:00,1,4
projects/projects.js,103,js,ab5bb2a5,Sonya Schloss,2026-04-30,20:47:39,-07:00,2026-04-30T20:47:39-07:00,2,14
projects/projects.js,104,js,ab5bb2a5,Sonya Schloss,2026-04-30,20:47:39,-07:00,2026-04-30T20:47:39-07:00,2,26
projects/projects.js,105,js,ab5bb2a5,Sonya Schloss,2026-04-30,20:47:39,-07:00,2026-04-30T20:47:39-07:00,3,37
projects/projects.js,106,js,ab5bb2a5,Sonya Schloss,2026-04-30,20:47:39,-07:00,2026-04-30T20:47:39-07:00,2,1
projects/projects.js,107,js,8041c0b9,Sonya Schloss,2026-04-30,16:38:27,-07:00,2026-04-30T16:38:27-07:00,0,0
projects/projects.js,108,js,8041c0b9,Sonya Schloss,2026-04-30,16:38:27,-07:00,2026-04-30T16:38:27-07:00,0,0
projects/projects.js,109,js,8041c0b9,Sonya Schloss,2026-04-30,16:38:27,-07:00,2026-04-30T16:38:27-07:00,0,32
projects/projects.js,110,js,ab5bb2a5,Sonya Schloss,2026-04-30,20:47:39,-07:00,2026-04-30T20:47:39-07:00,0,42
projects/projects.js,111,js,8041c0b9,Sonya Schloss,2026-04-30,16:38:27,-07:00,2026-04-30T16:38:27-07:00,0,0
projects/projects.js,112,js,8041c0b9,Sonya Schloss,2026-04-30,16:38:27,-07:00,2026-04-30T16:38:27-07:00,0,21
projects/projects.js,113,js,8041c0b9,Sonya Schloss,2026-04-30,16:38:27,-07:00,2026-04-30T16:38:27-07:00,0,55
projects/projects.js,114,js,8041c0b9,Sonya Schloss,2026-04-30,16:38:27,-07:00,2026-04-30T16:38:27-07:00,0,48
projects/projects.js,115,js,8041c0b9,Sonya Schloss,2026-04-30,16:38:27,-07:00,2026-04-30T16:38:27-07:00,1,25
projects/projects.js,116,js,ab5bb2a5,Sonya Schloss,2026-04-30,20:47:39,-07:00,2026-04-30T20:47:39-07:00,1,43
projects/projects.js,117,js,8041c0b9,Sonya Schloss,2026-04-30,16:38:27,-07:00,2026-04-30T16:38:27-07:00,1,56
projects/projects.js,118,js,ab5bb2a5,Sonya Schloss,2026-04-30,20:47:39,-07:00,2026-04-30T20:47:39-07:00,1,42
projects/projects.js,119,js,8041c0b9,Sonya Schloss,2026-04-30,16:38:27,-07:00,2026-04-30T16:38:27-07:00,0,1
projects/projects.js,120,js,ab5bb2a5,Sonya Schloss,2026-04-30,20:47:39,-07:00,2026-04-30T20:47:39-07:00,0,0
projects/index.html,1,html,ab15945f,Sonya Schloss,2026-04-02,14:46:03,-07:00,2026-04-02T14:46:03-07:00,0,13
projects/index.html,2,html,ab15945f,Sonya Schloss,2026-04-02,14:46:03,-07:00,2026-04-02T14:46:03-07:00,0,14
projects/index.html,3,html,ab15945f,Sonya Schloss,2026-04-02,14:46:03,-07:00,2026-04-02T14:46:03-07:00,0,4
projects/index.html,4,html,ab15945f,Sonya Schloss,2026-04-02,14:46:03,-07:00,2026-04-02T14:46:03-07:00,2,20
projects/index.html,5,html,ab15945f,Sonya Schloss,2026-04-02,14:46:03,-07:00,2026-04-02T14:46:03-07:00,2,68
projects/index.html,6,html,ab15945f,Sonya Schloss,2026-04-02,14:46:03,-07:00,2026-04-02T14:46:03-07:00,2,21
projects/index.html,7,html,d20a1bfc,Sonya Schloss,2026-04-02,14:53:38,-07:00,2026-04-02T14:53:38-07:00,2,41
projects/index.html,8,html,5a96a71b,Sonya Schloss,2026-04-17,15:35:42,-07:00,2026-04-17T15:35:42-07:00,2,48
projects/index.html,9,html,cab843b6,Sonya Schloss,2026-04-24,19:10:51,-07:00,2026-04-24T19:10:51-07:00,2,49
projects/index.html,10,html,ab15945f,Sonya Schloss,2026-04-02,14:46:03,-07:00,2026-04-02T14:46:03-07:00,0,5
projects/index.html,11,html,ab15945f,Sonya Schloss,2026-04-02,14:46:03,-07:00,2026-04-02T14:46:03-07:00,0,4
projects/index.html,12,html,cab843b6,Sonya Schloss,2026-04-24,19:10:51,-07:00,2026-04-24T19:10:51-07:00,2,38
projects/index.html,13,html,8041c0b9,Sonya Schloss,2026-04-30,16:38:27,-07:00,2026-04-30T16:38:27-07:00,2,21
projects/index.html,14,html,8041c0b9,Sonya Schloss,2026-04-30,16:38:27,-07:00,2026-04-30T16:38:27-07:00,4,52
projects/index.html,15,html,8041c0b9,Sonya Schloss,2026-04-30,16:38:27,-07:00,2026-04-30T16:38:27-07:00,6,33
projects/index.html,16,html,8041c0b9,Sonya Schloss,2026-04-30,16:38:27,-07:00,2026-04-30T16:38:27-07:00,4,4
projects/index.html,17,html,8041c0b9,Sonya Schloss,2026-04-30,16:38:27,-07:00,2026-04-30T16:38:27-07:00,4,17
projects/index.html,18,html,8041c0b9,Sonya Schloss,2026-04-30,16:38:27,-07:00,2026-04-30T16:38:27-07:00,6,27
projects/index.html,19,html,8041c0b9,Sonya Schloss,2026-04-30,16:38:27,-07:00,2026-04-30T16:38:27-07:00,4,3
projects/index.html,20,html,8041c0b9,Sonya Schloss,2026-04-30,16:38:27,-07:00,2026-04-30T16:38:27-07:00,2,4
projects/index.html,21,html,8041c0b9,Sonya Schloss,2026-04-30,16:38:27,-07:00,2026-04-30T16:38:27-07:00,2,4
projects/index.html,22,html,8041c0b9,Sonya Schloss,2026-04-30,16:38:27,-07:00,2026-04-30T16:38:27-07:00,4,15
projects/index.html,23,html,8041c0b9,Sonya Schloss,2026-04-30,16:38:27,-07:00,2026-04-30T16:38:27-07:00,4,11
projects/index.html,24,html,8041c0b9,Sonya Schloss,2026-04-30,16:38:27,-07:00,2026-04-30T16:38:27-07:00,4,26
projects/index.html,25,html,8041c0b9,Sonya Schloss,2026-04-30,16:38:27,-07:00,2026-04-30T16:38:27-07:00,4,31
projects/index.html,26,html,8041c0b9,Sonya Schloss,2026-04-30,16:38:27,-07:00,2026-04-30T16:38:27-07:00,2,0
projects/index.html,27,html,83e968a0,Sonya Schloss,2026-04-10,14:23:40,-07:00,2026-04-10T14:23:40-07:00,2,20
projects/index.html,28,html,cab843b6,Sonya Schloss,2026-04-24,19:10:51,-07:00,2026-04-24T19:10:51-07:00,6,43
projects/index.html,29,html,83e968a0,Sonya Schloss,2026-04-10,14:23:40,-07:00,2026-04-10T14:23:40-07:00,2,4
projects/index.html,30,html,ab15945f,Sonya Schloss,2026-04-02,14:46:03,-07:00,2026-04-02T14:46:03-07:00,0,5
projects/index.html,31,html,ab15945f,Sonya Schloss,2026-04-02,14:46:03,-07:00,2026-04-02T14:46:03-07:00,0,5
meta/meta.js,1,js,1125f717,Sonya Schloss,2026-05-09,15:13:22,-07:00,2026-05-09T15:13:22-07:00,0,63
meta/meta.js,2,js,35546b0b,Sonya Schloss,2026-05-23,16:47:35,-07:00,2026-05-23T16:47:35-07:00,0,72
meta/meta.js,3,js,35546b0b,Sonya Schloss,2026-05-23,16:47:35,-07:00,2026-05-23T16:47:35-07:00,0,0
meta/meta.js,4,js,1125f717,Sonya Schloss,2026-05-09,15:13:22,-07:00,2026-05-09T15:13:22-07:00,0,0
meta/meta.js,5,js,1125f717,Sonya Schloss,2026-05-09,15:13:22,-07:00,2026-05-09T15:13:22-07:00,0,13
meta/meta.js,6,js,1125f717,Sonya Schloss,2026-05-09,15:13:22,-07:00,2026-05-09T15:13:22-07:00,0,25
meta/meta.js,7,js,1125f717,Sonya Schloss,2026-05-09,15:13:22,-07:00,2026-05-09T15:13:22-07:00,1,46
meta/meta.js,8,js,1125f717,Sonya Schloss,2026-05-09,15:13:22,-07:00,2026-05-09T15:13:22-07:00,2,5
meta/meta.js,9,js,1125f717,Sonya Schloss,2026-05-09,15:13:22,-07:00,2026-05-09T15:13:22-07:00,2,42
meta/meta.js,10,js,1125f717,Sonya Schloss,2026-05-09,15:13:22,-07:00,2026-05-09T15:13:22-07:00,2,23
meta/meta.js,11,js,1125f717,Sonya Schloss,2026-05-09,15:13:22,-07:00,2026-05-09T15:13:22-07:00,2,25
meta/meta.js,12,js,1125f717,Sonya Schloss,2026-05-09,15:13:22,-07:00,2026-05-09T15:13:22-07:00,2,49
meta/meta.js,13,js,1125f717,Sonya Schloss,2026-05-09,15:13:22,-07:00,2026-05-09T15:13:22-07:00,2,31
meta/meta.js,14,js,1125f717,Sonya Schloss,2026-05-09,15:13:22,-07:00,2026-05-09T15:13:22-07:00,1,2
meta/meta.js,15,js,1125f717,Sonya Schloss,2026-05-09,15:13:22,-07:00,2026-05-09T15:13:22-07:00,0,0
meta/meta.js,16,js,1125f717,Sonya Schloss,2026-05-09,15:13:22,-07:00,2026-05-09T15:13:22-07:00,1,10
meta/meta.js,17,js,1125f717,Sonya Schloss,2026-05-09,15:13:22,-07:00,2026-05-09T15:13:22-07:00,0,0
meta/meta.js,18,js,1125f717,Sonya Schloss,2026-05-09,15:13:22,-07:00,2026-05-09T15:13:22-07:00,0,0
meta/meta.js,19,js,1125f717,Sonya Schloss,2026-05-09,15:13:22,-07:00,2026-05-09T15:13:22-07:00,0,29
meta/meta.js,20,js,1125f717,Sonya Schloss,2026-05-09,15:13:22,-07:00,2026-05-09T15:13:22-07:00,1,7
meta/meta.js,21,js,1125f717,Sonya Schloss,2026-05-09,15:13:22,-07:00,2026-05-09T15:13:22-07:00,2,28
meta/meta.js,22,js,1125f717,Sonya Schloss,2026-05-09,15:13:22,-07:00,2026-05-09T15:13:22-07:00,2,25
meta/meta.js,23,js,1125f717,Sonya Schloss,2026-05-09,15:13:22,-07:00,2026-05-09T15:13:22-07:00,3,19
meta/meta.js,24,js,1125f717,Sonya Schloss,2026-05-09,15:13:22,-07:00,2026-05-09T15:13:22-07:00,3,53
meta/meta.js,25,js,1125f717,Sonya Schloss,2026-05-09,15:13:22,-07:00,2026-05-09T15:13:22-07:00,3,9
meta/meta.js,26,js,1125f717,Sonya Schloss,2026-05-09,15:13:22,-07:00,2026-05-09T15:13:22-07:00,4,9
meta/meta.js,27,js,1125f717,Sonya Schloss,2026-05-09,15:13:22,-07:00,2026-05-09T15:13:22-07:00,4,61
meta/meta.js,28,js,1125f717,Sonya Schloss,2026-05-09,15:13:22,-07:00,2026-05-09T15:13:22-07:00,4,5
meta/meta.js,29,js,1125f717,Sonya Schloss,2026-05-09,15:13:22,-07:00,2026-05-09T15:13:22-07:00,4,3
meta/meta.js,30,js,1125f717,Sonya Schloss,2026-05-09,15:13:22,-07:00,2026-05-09T15:13:22-07:00,4,3
meta/meta.js,31,js,1125f717,Sonya Schloss,2026-05-09,15:13:22,-07:00,2026-05-09T15:13:22-07:00,4,7
meta/meta.js,32,js,1125f717,Sonya Schloss,2026-05-09,15:13:22,-07:00,2026-05-09T15:13:22-07:00,4,7
meta/meta.js,33,js,1125f717,Sonya Schloss,2026-05-09,15:13:22,-07:00,2026-05-09T15:13:22-07:00,4,57
meta/meta.js,34,js,1125f717,Sonya Schloss,2026-05-09,15:13:22,-07:00,2026-05-09T15:13:22-07:00,4,23
meta/meta.js,35,js,1125f717,Sonya Schloss,2026-05-09,15:13:22,-07:00,2026-05-09T15:13:22-07:00,3,0
meta/meta.js,36,js,1125f717,Sonya Schloss,2026-05-09,15:13:22,-07:00,2026-05-09T15:13:22-07:00,0,0
meta/meta.js,37,js,1125f717,Sonya Schloss,2026-05-09,15:13:22,-07:00,2026-05-09T15:13:22-07:00,3,35
meta/meta.js,38,js,1125f717,Sonya Schloss,2026-05-09,15:13:22,-07:00,2026-05-09T15:13:22-07:00,4,11
meta/meta.js,39,js,1125f717,Sonya Schloss,2026-05-09,15:13:22,-07:00,2026-05-09T15:13:22-07:00,4,16
meta/meta.js,40,js,1125f717,Sonya Schloss,2026-05-09,15:13:22,-07:00,2026-05-09T15:13:22-07:00,4,18
meta/meta.js,41,js,1125f717,Sonya Schloss,2026-05-09,15:13:22,-07:00,2026-05-09T15:13:22-07:00,4,13
meta/meta.js,42,js,1125f717,Sonya Schloss,2026-05-09,15:13:22,-07:00,2026-05-09T15:13:22-07:00,3,1
meta/meta.js,43,js,1125f717,Sonya Schloss,2026-05-09,15:13:22,-07:00,2026-05-09T15:13:22-07:00,0,0
meta/meta.js,44,js,1125f717,Sonya Schloss,2026-05-09,15:13:22,-07:00,2026-05-09T15:13:22-07:00,3,9
meta/meta.js,45,js,35546b0b,Sonya Schloss,2026-05-23,16:47:35,-07:00,2026-05-23T16:47:35-07:00,2,0
meta/meta.js,46,js,35546b0b,Sonya Schloss,2026-05-23,16:47:35,-07:00,2026-05-23T16:47:35-07:00,2,39
meta/meta.js,47,js,1125f717,Sonya Schloss,2026-05-09,15:13:22,-07:00,2026-05-09T15:13:22-07:00,0,0
meta/meta.js,48,js,1125f717,Sonya Schloss,2026-05-09,15:13:22,-07:00,2026-05-09T15:13:22-07:00,0,0
meta/meta.js,49,js,1125f717,Sonya Schloss,2026-05-09,15:13:22,-07:00,2026-05-09T15:13:22-07:00,0,34
meta/meta.js,50,js,1125f717,Sonya Schloss,2026-05-09,15:13:22,-07:00,2026-05-09T15:13:22-07:00,1,27
meta/meta.js,51,js,1125f717,Sonya Schloss,2026-05-09,15:13:22,-07:00,2026-05-09T15:13:22-07:00,1,27
meta/meta.js,52,js,1125f717,Sonya Schloss,2026-05-09,15:13:22,-07:00,2026-05-09T15:13:22-07:00,1,27
meta/meta.js,53,js,1125f717,Sonya Schloss,2026-05-09,15:13:22,-07:00,2026-05-09T15:13:22-07:00,0,0
meta/meta.js,54,js,1125f717,Sonya Schloss,2026-05-09,15:13:22,-07:00,2026-05-09T15:13:22-07:00,0,0
meta/meta.js,55,js,1125f717,Sonya Schloss,2026-05-09,15:13:22,-07:00,2026-05-09T15:13:22-07:00,0,40
meta/meta.js,56,js,35546b0b,Sonya Schloss,2026-05-23,16:47:35,-07:00,2026-05-23T16:47:35-07:00,1,55
meta/meta.js,57,js,35546b0b,Sonya Schloss,2026-05-23,16:47:35,-07:00,2026-05-23T16:47:35-07:00,2,55
meta/meta.js,58,js,35546b0b,Sonya Schloss,2026-05-23,16:47:35,-07:00,2026-05-23T16:47:35-07:00,2,39
meta/meta.js,59,js,35546b0b,Sonya Schloss,2026-05-23,16:47:35,-07:00,2026-05-23T16:47:35-07:00,0,0
meta/meta.js,60,js,35546b0b,Sonya Schloss,2026-05-23,16:47:35,-07:00,2026-05-23T16:47:35-07:00,1,27
meta/meta.js,61,js,1125f717,Sonya Schloss,2026-05-09,15:13:22,-07:00,2026-05-09T15:13:22-07:00,0,0
meta/meta.js,62,js,1125f717,Sonya Schloss,2026-05-09,15:13:22,-07:00,2026-05-09T15:13:22-07:00,1,10
meta/meta.js,63,js,1125f717,Sonya Schloss,2026-05-09,15:13:22,-07:00,2026-05-09T15:13:22-07:00,1,36
meta/meta.js,64,js,1125f717,Sonya Schloss,2026-05-09,15:13:22,-07:00,2026-05-09T15:13:22-07:00,0,0
meta/meta.js,65,js,1125f717,Sonya Schloss,2026-05-09,15:13:22,-07:00,2026-05-09T15:13:22-07:00,1,14
meta/meta.js,66,js,1125f717,Sonya Schloss,2026-05-09,15:13:22,-07:00,2026-05-09T15:13:22-07:00,1,37
meta/meta.js,67,js,1125f717,Sonya Schloss,2026-05-09,15:13:22,-07:00,2026-05-09T15:13:22-07:00,0,0
meta/meta.js,68,js,1125f717,Sonya Schloss,2026-05-09,15:13:22,-07:00,2026-05-09T15:13:22-07:00,1,16
meta/meta.js,69,js,1125f717,Sonya Schloss,2026-05-09,15:13:22,-07:00,2026-05-09T15:13:22-07:00,1,48
meta/meta.js,70,js,1125f717,Sonya Schloss,2026-05-09,15:13:22,-07:00,2026-05-09T15:13:22-07:00,1,29
meta/meta.js,71,js,1125f717,Sonya Schloss,2026-05-09,15:13:22,-07:00,2026-05-09T15:13:22-07:00,0,0
meta/meta.js,72,js,1125f717,Sonya Schloss,2026-05-09,15:13:22,-07:00,2026-05-09T15:13:22-07:00,1,20
meta/meta.js,73,js,1125f717,Sonya Schloss,2026-05-09,15:13:22,-07:00,2026-05-09T15:13:22-07:00,1,44
meta/meta.js,74,js,1125f717,Sonya Schloss,2026-05-09,15:13:22,-07:00,2026-05-09T15:13:22-07:00,1,48
meta/meta.js,75,js,1125f717,Sonya Schloss,2026-05-09,15:13:22,-07:00,2026-05-09T15:13:22-07:00,0,0
meta/meta.js,76,js,1125f717,Sonya Schloss,2026-05-09,15:13:22,-07:00,2026-05-09T15:13:22-07:00,1,30
meta/meta.js,77,js,1125f717,Sonya Schloss,2026-05-09,15:13:22,-07:00,2026-05-09T15:13:22-07:00,1,30
meta/meta.js,78,js,1125f717,Sonya Schloss,2026-05-09,15:13:22,-07:00,2026-05-09T15:13:22-07:00,2,3
meta/meta.js,79,js,1125f717,Sonya Schloss,2026-05-09,15:13:22,-07:00,2026-05-09T15:13:22-07:00,2,14
meta/meta.js,80,js,3d795789,Sonya Schloss,2026-05-09,21:06:44,-07:00,2026-05-09T21:06:44-07:00,2,72
meta/meta.js,81,js,1125f717,Sonya Schloss,2026-05-09,15:13:22,-07:00,2026-05-09T15:13:22-07:00,1,0
meta/meta.js,82,js,35546b0b,Sonya Schloss,2026-05-23,16:47:35,-07:00,2026-05-23T16:47:35-07:00,1,90
meta/meta.js,83,js,1125f717,Sonya Schloss,2026-05-09,15:13:22,-07:00,2026-05-09T15:13:22-07:00,1,41
meta/meta.js,84,js,1125f717,Sonya Schloss,2026-05-09,15:13:22,-07:00,2026-05-09T15:13:22-07:00,0,0
meta/meta.js,85,js,1125f717,Sonya Schloss,2026-05-09,15:13:22,-07:00,2026-05-09T15:13:22-07:00,0,0
meta/meta.js,86,js,3d795789,Sonya Schloss,2026-05-09,21:06:44,-07:00,2026-05-09T21:06:44-07:00,0,36
meta/meta.js,87,js,3d795789,Sonya Schloss,2026-05-09,21:06:44,-07:00,2026-05-09T21:06:44-07:00,0,37
meta/meta.js,88,js,3d795789,Sonya Schloss,2026-05-09,21:06:44,-07:00,2026-05-09T21:06:44-07:00,1,50
meta/meta.js,89,js,3d795789,Sonya Schloss,2026-05-09,21:06:44,-07:00,2026-05-09T21:06:44-07:00,1,50
meta/meta.js,90,js,35546b0b,Sonya Schloss,2026-05-23,16:47:35,-07:00,2026-05-23T16:47:35-07:00,1,58
meta/meta.js,91,js,3d795789,Sonya Schloss,2026-05-09,21:06:44,-07:00,2026-05-09T21:06:44-07:00,1,54
meta/meta.js,92,js,3d795789,Sonya Schloss,2026-05-09,21:06:44,-07:00,2026-05-09T21:06:44-07:00,1,52
meta/meta.js,93,js,35546b0b,Sonya Schloss,2026-05-23,16:47:35,-07:00,2026-05-23T16:47:35-07:00,0,0
meta/meta.js,94,js,3d795789,Sonya Schloss,2026-05-09,21:06:44,-07:00,2026-05-09T21:06:44-07:00,1,43
meta/meta.js,95,js,35546b0b,Sonya Schloss,2026-05-23,16:47:35,-07:00,2026-05-23T16:47:35-07:00,0,0
meta/meta.js,96,js,3d795789,Sonya Schloss,2026-05-09,21:06:44,-07:00,2026-05-09T21:06:44-07:00,1,21
meta/meta.js,97,js,3d795789,Sonya Schloss,2026-05-09,21:06:44,-07:00,2026-05-09T21:06:44-07:00,1,27
meta/meta.js,98,js,3d795789,Sonya Schloss,2026-05-09,21:06:44,-07:00,2026-05-09T21:06:44-07:00,1,56
meta/meta.js,99,js,3d795789,Sonya Schloss,2026-05-09,21:06:44,-07:00,2026-05-09T21:06:44-07:00,2,16
meta/meta.js,100,js,3d795789,Sonya Schloss,2026-05-09,21:06:44,-07:00,2026-05-09T21:06:44-07:00,1,1
meta/meta.js,101,js,3d795789,Sonya Schloss,2026-05-09,21:06:44,-07:00,2026-05-09T21:06:44-07:00,1,29
meta/meta.js,102,js,3d795789,Sonya Schloss,2026-05-09,21:06:44,-07:00,2026-05-09T21:06:44-07:00,1,33
meta/meta.js,103,js,3d795789,Sonya Schloss,2026-05-09,21:06:44,-07:00,2026-05-09T21:06:44-07:00,1,36
meta/meta.js,104,js,3d795789,Sonya Schloss,2026-05-09,21:06:44,-07:00,2026-05-09T21:06:44-07:00,0,0
meta/meta.js,105,js,3d795789,Sonya Schloss,2026-05-09,21:06:44,-07:00,2026-05-09T21:06:44-07:00,0,43
meta/meta.js,106,js,3d795789,Sonya Schloss,2026-05-09,21:06:44,-07:00,2026-05-09T21:06:44-07:00,1,56
meta/meta.js,107,js,3d795789,Sonya Schloss,2026-05-09,21:06:44,-07:00,2026-05-09T21:06:44-07:00,1,26
meta/meta.js,108,js,3d795789,Sonya Schloss,2026-05-09,21:06:44,-07:00,2026-05-09T21:06:44-07:00,0,0
meta/meta.js,109,js,3d795789,Sonya Schloss,2026-05-09,21:06:44,-07:00,2026-05-09T21:06:44-07:00,0,37
meta/meta.js,110,js,3d795789,Sonya Schloss,2026-05-09,21:06:44,-07:00,2026-05-09T21:06:44-07:00,1,56
meta/meta.js,111,js,3d795789,Sonya Schloss,2026-05-09,21:06:44,-07:00,2026-05-09T21:06:44-07:00,1,40
meta/meta.js,112,js,3d795789,Sonya Schloss,2026-05-09,21:06:44,-07:00,2026-05-09T21:06:44-07:00,1,39
meta/meta.js,113,js,3d795789,Sonya Schloss,2026-05-09,21:06:44,-07:00,2026-05-09T21:06:44-07:00,0,0
meta/meta.js,114,js,3d795789,Sonya Schloss,2026-05-09,21:06:44,-07:00,2026-05-09T21:06:44-07:00,0,0
meta/meta.js,115,js,3d795789,Sonya Schloss,2026-05-09,21:06:44,-07:00,2026-05-09T21:06:44-07:00,0,19
meta/meta.js,116,js,3d795789,Sonya Schloss,2026-05-09,21:06:44,-07:00,2026-05-09T21:06:44-07:00,0,17
meta/meta.js,117,js,3d795789,Sonya Schloss,2026-05-09,21:06:44,-07:00,2026-05-09T21:06:44-07:00,0,33
meta/meta.js,118,js,3d795789,Sonya Schloss,2026-05-09,21:06:44,-07:00,2026-05-09T21:06:44-07:00,1,13
meta/meta.js,119,js,3d795789,Sonya Schloss,2026-05-09,21:06:44,-07:00,2026-05-09T21:06:44-07:00,1,50
meta/meta.js,120,js,3d795789,Sonya Schloss,2026-05-09,21:06:44,-07:00,2026-05-09T21:06:44-07:00,1,40
meta/meta.js,121,js,3d795789,Sonya Schloss,2026-05-09,21:06:44,-07:00,2026-05-09T21:06:44-07:00,1,43
meta/meta.js,122,js,3d795789,Sonya Schloss,2026-05-09,21:06:44,-07:00,2026-05-09T21:06:44-07:00,0,0
meta/meta.js,123,js,3d795789,Sonya Schloss,2026-05-09,21:06:44,-07:00,2026-05-09T21:06:44-07:00,0,0
meta/meta.js,124,js,3d795789,Sonya Schloss,2026-05-09,21:06:44,-07:00,2026-05-09T21:06:44-07:00,0,40
meta/meta.js,125,js,3d795789,Sonya Schloss,2026-05-09,21:06:44,-07:00,2026-05-09T21:06:44-07:00,1,31
meta/meta.js,126,js,3d795789,Sonya Schloss,2026-05-09,21:06:44,-07:00,2026-05-09T21:06:44-07:00,2,53
meta/meta.js,127,js,3d795789,Sonya Schloss,2026-05-09,21:06:44,-07:00,2026-05-09T21:06:44-07:00,2,3
meta/meta.js,128,js,3d795789,Sonya Schloss,2026-05-09,21:06:44,-07:00,2026-05-09T21:06:44-07:00,0,0
meta/meta.js,129,js,3d795789,Sonya Schloss,2026-05-09,21:06:44,-07:00,2026-05-09T21:06:44-07:00,1,62
meta/meta.js,130,js,35546b0b,Sonya Schloss,2026-05-23,16:47:35,-07:00,2026-05-23T16:47:35-07:00,1,58
meta/meta.js,131,js,35546b0b,Sonya Schloss,2026-05-23,16:47:35,-07:00,2026-05-23T16:47:35-07:00,2,18
meta/meta.js,132,js,3d795789,Sonya Schloss,2026-05-09,21:06:44,-07:00,2026-05-09T21:06:44-07:00,0,0
meta/meta.js,133,js,3d795789,Sonya Schloss,2026-05-09,21:06:44,-07:00,2026-05-09T21:06:44-07:00,1,21
meta/meta.js,134,js,3d795789,Sonya Schloss,2026-05-09,21:06:44,-07:00,2026-05-09T21:06:44-07:00,0,0
meta/meta.js,135,js,3d795789,Sonya Schloss,2026-05-09,21:06:44,-07:00,2026-05-09T21:06:44-07:00,0,0
meta/meta.js,136,js,3d795789,Sonya Schloss,2026-05-09,21:06:44,-07:00,2026-05-09T21:06:44-07:00,0,43
meta/meta.js,137,js,3d795789,Sonya Schloss,2026-05-09,21:06:44,-07:00,2026-05-09T21:06:44-07:00,1,31
meta/meta.js,138,js,3d795789,Sonya Schloss,2026-05-09,21:06:44,-07:00,2026-05-09T21:06:44-07:00,2,53
meta/meta.js,139,js,3d795789,Sonya Schloss,2026-05-09,21:06:44,-07:00,2026-05-09T21:06:44-07:00,2,3
meta/meta.js,140,js,3d795789,Sonya Schloss,2026-05-09,21:06:44,-07:00,2026-05-09T21:06:44-07:00,1,62
meta/meta.js,141,js,3d795789,Sonya Schloss,2026-05-09,21:06:44,-07:00,2026-05-09T21:06:44-07:00,0,0
meta/meta.js,142,js,3d795789,Sonya Schloss,2026-05-09,21:06:44,-07:00,2026-05-09T21:06:44-07:00,1,33
meta/meta.js,143,js,3d795789,Sonya Schloss,2026-05-09,21:06:44,-07:00,2026-05-09T21:06:44-07:00,2,23
meta/meta.js,144,js,3d795789,Sonya Schloss,2026-05-09,21:06:44,-07:00,2026-05-09T21:06:44-07:00,2,34
meta/meta.js,145,js,3d795789,Sonya Schloss,2026-05-09,21:06:44,-07:00,2026-05-09T21:06:44-07:00,2,28
meta/meta.js,146,js,3d795789,Sonya Schloss,2026-05-09,21:06:44,-07:00,2026-05-09T21:06:44-07:00,2,5
meta/meta.js,147,js,3d795789,Sonya Schloss,2026-05-09,21:06:44,-07:00,2026-05-09T21:06:44-07:00,1,0
meta/meta.js,148,js,3d795789,Sonya Schloss,2026-05-09,21:06:44,-07:00,2026-05-09T21:06:44-07:00,1,30
meta/meta.js,149,js,3d795789,Sonya Schloss,2026-05-09,21:06:44,-07:00,2026-05-09T21:06:44-07:00,1,27
meta/meta.js,150,js,3d795789,Sonya Schloss,2026-05-09,21:06:44,-07:00,2026-05-09T21:06:44-07:00,1,73
meta/meta.js,151,js,3d795789,Sonya Schloss,2026-05-09,21:06:44,-07:00,2026-05-09T21:06:44-07:00,1,52
meta/meta.js,152,js,3d795789,Sonya Schloss,2026-05-09,21:06:44,-07:00,2026-05-09T21:06:44-07:00,0,0
meta/meta.js,153,js,3d795789,Sonya Schloss,2026-05-09,21:06:44,-07:00,2026-05-09T21:06:44-07:00,1,42
meta/meta.js,154,js,3d795789,Sonya Schloss,2026-05-09,21:06:44,-07:00,2026-05-09T21:06:44-07:00,1,26
meta/meta.js,155,js,3d795789,Sonya Schloss,2026-05-09,21:06:44,-07:00,2026-05-09T21:06:44-07:00,2,4
meta/meta.js,156,js,3d795789,Sonya Schloss,2026-05-09,21:06:44,-07:00,2026-05-09T21:06:44-07:00,2,14
meta/meta.js,157,js,3d795789,Sonya Schloss,2026-05-09,21:06:44,-07:00,2026-05-09T21:06:44-07:00,2,12
meta/meta.js,158,js,3d795789,Sonya Schloss,2026-05-09,21:06:44,-07:00,2026-05-09T21:06:44-07:00,1,0
meta/meta.js,159,js,3d795789,Sonya Schloss,2026-05-09,21:06:44,-07:00,2026-05-09T21:06:44-07:00,0,0
meta/meta.js,160,js,3d795789,Sonya Schloss,2026-05-09,21:06:44,-07:00,2026-05-09T21:06:44-07:00,1,26
meta/meta.js,161,js,3d795789,Sonya Schloss,2026-05-09,21:06:44,-07:00,2026-05-09T21:06:44-07:00,1,23
meta/meta.js,162,js,3d795789,Sonya Schloss,2026-05-09,21:06:44,-07:00,2026-05-09T21:06:44-07:00,0,0
meta/meta.js,163,js,3d795789,Sonya Schloss,2026-05-09,21:06:44,-07:00,2026-05-09T21:06:44-07:00,1,42
meta/meta.js,164,js,3d795789,Sonya Schloss,2026-05-09,21:06:44,-07:00,2026-05-09T21:06:44-07:00,2,38
meta/meta.js,165,js,3d795789,Sonya Schloss,2026-05-09,21:06:44,-07:00,2026-05-09T21:06:44-07:00,2,46
meta/meta.js,166,js,3d795789,Sonya Schloss,2026-05-09,21:06:44,-07:00,2026-05-09T21:06:44-07:00,0,0
meta/meta.js,167,js,3d795789,Sonya Schloss,2026-05-09,21:06:44,-07:00,2026-05-09T21:06:44-07:00,2,22
meta/meta.js,168,js,3d795789,Sonya Schloss,2026-05-09,21:06:44,-07:00,2026-05-09T21:06:44-07:00,6,3
meta/meta.js,169,js,3d795789,Sonya Schloss,2026-05-09,21:06:44,-07:00,2026-05-09T21:06:44-07:00,7,18
meta/meta.js,170,js,3d795789,Sonya Schloss,2026-05-09,21:06:44,-07:00,2026-05-09T21:06:44-07:00,7,36
meta/meta.js,171,js,3d795789,Sonya Schloss,2026-05-09,21:06:44,-07:00,2026-05-09T21:06:44-07:00,6,4
meta/meta.js,172,js,3d795789,Sonya Schloss,2026-05-09,21:06:44,-07:00,2026-05-09T21:06:44-07:00,4,0
meta/meta.js,173,js,3d795789,Sonya Schloss,2026-05-09,21:06:44,-07:00,2026-05-09T21:06:44-07:00,1,0
meta/meta.js,174,js,3d795789,Sonya Schloss,2026-05-09,21:06:44,-07:00,2026-05-09T21:06:44-07:00,0,0
meta/meta.js,175,js,3d795789,Sonya Schloss,2026-05-09,21:06:44,-07:00,2026-05-09T21:06:44-07:00,0,0
meta/meta.js,176,js,3d795789,Sonya Schloss,2026-05-09,21:06:44,-07:00,2026-05-09T21:06:44-07:00,0,23
meta/meta.js,177,js,3d795789,Sonya Schloss,2026-05-09,21:06:44,-07:00,2026-05-09T21:06:44-07:00,1,32
meta/meta.js,178,js,3d795789,Sonya Schloss,2026-05-09,21:06:44,-07:00,2026-05-09T21:06:44-07:00,1,47
meta/meta.js,179,js,3d795789,Sonya Schloss,2026-05-09,21:06:44,-07:00,2026-05-09T21:06:44-07:00,2,29
meta/meta.js,180,js,3d795789,Sonya Schloss,2026-05-09,21:06:44,-07:00,2026-05-09T21:06:44-07:00,1,0
meta/meta.js,181,js,3d795789,Sonya Schloss,2026-05-09,21:06:44,-07:00,2026-05-09T21:06:44-07:00,1,30
meta/meta.js,182,js,3d795789,Sonya Schloss,2026-05-09,21:06:44,-07:00,2026-05-09T21:06:44-07:00,1,33
meta/meta.js,183,js,3d795789,Sonya Schloss,2026-05-09,21:06:44,-07:00,2026-05-09T21:06:44-07:00,0,0
meta/meta.js,184,js,3d795789,Sonya Schloss,2026-05-09,21:06:44,-07:00,2026-05-09T21:06:44-07:00,0,44
meta/meta.js,185,js,3d795789,Sonya Schloss,2026-05-09,21:06:44,-07:00,2026-05-09T21:06:44-07:00,1,15
meta/meta.js,186,js,3d795789,Sonya Schloss,2026-05-09,21:06:44,-07:00,2026-05-09T21:06:44-07:00,2,11
meta/meta.js,187,js,3d795789,Sonya Schloss,2026-05-09,21:06:44,-07:00,2026-05-09T21:06:44-07:00,1,0
meta/meta.js,188,js,3d795789,Sonya Schloss,2026-05-09,21:06:44,-07:00,2026-05-09T21:06:44-07:00,1,37
meta/meta.js,189,js,3d795789,Sonya Schloss,2026-05-09,21:06:44,-07:00,2026-05-09T21:06:44-07:00,1,32
meta/meta.js,190,js,3d795789,Sonya Schloss,2026-05-09,21:06:44,-07:00,2026-05-09T21:06:44-07:00,1,32
meta/meta.js,191,js,3d795789,Sonya Schloss,2026-05-09,21:06:44,-07:00,2026-05-09T21:06:44-07:00,1,46
meta/meta.js,192,js,3d795789,Sonya Schloss,2026-05-09,21:06:44,-07:00,2026-05-09T21:06:44-07:00,0,0
meta/meta.js,193,js,3d795789,Sonya Schloss,2026-05-09,21:06:44,-07:00,2026-05-09T21:06:44-07:00,0,0
meta/meta.js,194,js,35546b0b,Sonya Schloss,2026-05-23,16:47:35,-07:00,2026-05-23T16:47:35-07:00,0,0
meta/meta.js,195,js,3d795789,Sonya Schloss,2026-05-09,21:06:44,-07:00,2026-05-09T21:06:44-07:00,0,29
meta/meta.js,196,js,3d795789,Sonya Schloss,2026-05-09,21:06:44,-07:00,2026-05-09T21:06:44-07:00,0,41
meta/meta.js,197,js,3d795789,Sonya Schloss,2026-05-09,21:06:44,-07:00,2026-05-09T21:06:44-07:00,1,48
meta/meta.js,198,js,3d795789,Sonya Schloss,2026-05-09,21:06:44,-07:00,2026-05-09T21:06:44-07:00,1,59
meta/meta.js,199,js,3d795789,Sonya Schloss,2026-05-09,21:06:44,-07:00,2026-05-09T21:06:44-07:00,1,17
meta/meta.js,200,js,3d795789,Sonya Schloss,2026-05-09,21:06:44,-07:00,2026-05-09T21:06:44-07:00,1,17
meta/meta.js,201,js,3d795789,Sonya Schloss,2026-05-09,21:06:44,-07:00,2026-05-09T21:06:44-07:00,1,58
meta/meta.js,202,js,3d795789,Sonya Schloss,2026-05-09,21:06:44,-07:00,2026-05-09T21:06:44-07:00,1,18
meta/meta.js,203,js,3d795789,Sonya Schloss,2026-05-09,21:06:44,-07:00,2026-05-09T21:06:44-07:00,2,14
meta/meta.js,204,js,3d795789,Sonya Schloss,2026-05-09,21:06:44,-07:00,2026-05-09T21:06:44-07:00,2,26
meta/meta.js,205,js,3d795789,Sonya Schloss,2026-05-09,21:06:44,-07:00,2026-05-09T21:06:44-07:00,2,29
meta/meta.js,206,js,3d795789,Sonya Schloss,2026-05-09,21:06:44,-07:00,2026-05-09T21:06:44-07:00,2,16
meta/meta.js,207,js,3d795789,Sonya Schloss,2026-05-09,21:06:44,-07:00,2026-05-09T21:06:44-07:00,2,40
meta/meta.js,208,js,3d795789,Sonya Schloss,2026-05-09,21:06:44,-07:00,2026-05-09T21:06:44-07:00,2,42
meta/meta.js,209,js,3d795789,Sonya Schloss,2026-05-09,21:06:44,-07:00,2026-05-09T21:06:44-07:00,1,0
meta/meta.js,210,js,3d795789,Sonya Schloss,2026-05-09,21:06:44,-07:00,2026-05-09T21:06:44-07:00,1,73
meta/meta.js,211,js,3d795789,Sonya Schloss,2026-05-09,21:06:44,-07:00,2026-05-09T21:06:44-07:00,1,12
meta/meta.js,212,js,3d795789,Sonya Schloss,2026-05-09,21:06:44,-07:00,2026-05-09T21:06:44-07:00,2,15
meta/meta.js,213,js,3d795789,Sonya Schloss,2026-05-09,21:06:44,-07:00,2026-05-09T21:06:44-07:00,2,12
meta/meta.js,214,js,3d795789,Sonya Schloss,2026-05-09,21:06:44,-07:00,2026-05-09T21:06:44-07:00,2,40
meta/meta.js,215,js,3d795789,Sonya Schloss,2026-05-09,21:06:44,-07:00,2026-05-09T21:06:44-07:00,2,28
meta/meta.js,216,js,3d795789,Sonya Schloss,2026-05-09,21:06:44,-07:00,2026-05-09T21:06:44-07:00,1,9
meta/meta.js,217,js,3d795789,Sonya Schloss,2026-05-09,21:06:44,-07:00,2026-05-09T21:06:44-07:00,2,10
meta/meta.js,218,js,3d795789,Sonya Schloss,2026-05-09,21:06:44,-07:00,2026-05-09T21:06:44-07:00,2,44
meta/meta.js,219,js,3d795789,Sonya Schloss,2026-05-09,21:06:44,-07:00,2026-05-09T21:06:44-07:00,2,16
meta/meta.js,220,js,3d795789,Sonya Schloss,2026-05-09,21:06:44,-07:00,2026-05-09T21:06:44-07:00,2,6
meta/meta.js,221,js,35546b0b,Sonya Schloss,2026-05-23,16:47:35,-07:00,2026-05-23T16:47:35-07:00,0,0
meta/meta.js,222,js,3d795789,Sonya Schloss,2026-05-09,21:06:44,-07:00,2026-05-09T21:06:44-07:00,1,59
meta/meta.js,223,js,3d795789,Sonya Schloss,2026-05-09,21:06:44,-07:00,2026-05-09T21:06:44-07:00,1,125
meta/meta.js,224,js,3d795789,Sonya Schloss,2026-05-09,21:06:44,-07:00,2026-05-09T21:06:44-07:00,1,33
meta/meta.js,225,js,3d795789,Sonya Schloss,2026-05-09,21:06:44,-07:00,2026-05-09T21:06:44-07:00,1,48
meta/meta.js,226,js,3d795789,Sonya Schloss,2026-05-09,21:06:44,-07:00,2026-05-09T21:06:44-07:00,1,48
meta/meta.js,227,js,3d795789,Sonya Schloss,2026-05-09,21:06:44,-07:00,2026-05-09T21:06:44-07:00,1,30
meta/meta.js,228,js,3d795789,Sonya Schloss,2026-05-09,21:06:44,-07:00,2026-05-09T21:06:44-07:00,1,19
meta/meta.js,229,js,3d795789,Sonya Schloss,2026-05-09,21:06:44,-07:00,2026-05-09T21:06:44-07:00,2,10
meta/meta.js,230,js,3d795789,Sonya Schloss,2026-05-09,21:06:44,-07:00,2026-05-09T21:06:44-07:00,2,25
meta/meta.js,231,js,3d795789,Sonya Schloss,2026-05-09,21:06:44,-07:00,2026-05-09T21:06:44-07:00,2,53
meta/meta.js,232,js,35546b0b,Sonya Schloss,2026-05-23,16:47:35,-07:00,2026-05-23T16:47:35-07:00,0,0
meta/meta.js,233,js,3d795789,Sonya Schloss,2026-05-09,21:06:44,-07:00,2026-05-09T21:06:44-07:00,1,64
meta/meta.js,234,js,3d795789,Sonya Schloss,2026-05-09,21:06:44,-07:00,2026-05-09T21:06:44-07:00,1,77
meta/meta.js,235,js,3d795789,Sonya Schloss,2026-05-09,21:06:44,-07:00,2026-05-09T21:06:44-07:00,0,0
meta/meta.js,236,js,3d795789,Sonya Schloss,2026-05-09,21:06:44,-07:00,2026-05-09T21:06:44-07:00,1,16
meta/meta.js,237,js,3d795789,Sonya Schloss,2026-05-09,21:06:44,-07:00,2026-05-09T21:06:44-07:00,1,34
meta/meta.js,238,js,3d795789,Sonya Schloss,2026-05-09,21:06:44,-07:00,2026-05-09T21:06:44-07:00,1,14
meta/meta.js,239,js,3d795789,Sonya Schloss,2026-05-09,21:06:44,-07:00,2026-05-09T21:06:44-07:00,2,15
meta/meta.js,240,js,3d795789,Sonya Schloss,2026-05-09,21:06:44,-07:00,2026-05-09T21:06:44-07:00,2,58
meta/meta.js,241,js,3d795789,Sonya Schloss,2026-05-09,21:06:44,-07:00,2026-05-09T21:06:44-07:00,1,11
meta/meta.js,242,js,3d795789,Sonya Schloss,2026-05-09,21:06:44,-07:00,2026-05-09T21:06:44-07:00,1,1
meta/meta.js,243,js,3d795789,Sonya Schloss,2026-05-09,21:06:44,-07:00,2026-05-09T21:06:44-07:00,2,10
meta/meta.js,244,js,3d795789,Sonya Schloss,2026-05-09,21:06:44,-07:00,2026-05-09T21:06:44-07:00,2,54
meta/meta.js,245,js,35546b0b,Sonya Schloss,2026-05-23,16:47:35,-07:00,2026-05-23T16:47:35-07:00,2,22
meta/meta.js,246,js,3d795789,Sonya Schloss,2026-05-09,21:06:44,-07:00,2026-05-09T21:06:44-07:00,2,11
meta/meta.js,247,js,3d795789,Sonya Schloss,2026-05-09,21:06:44,-07:00,2026-05-09T21:06:44-07:00,1,11
meta/meta.js,248,js,3d795789,Sonya Schloss,2026-05-09,21:06:44,-07:00,2026-05-09T21:06:44-07:00,1,1
meta/meta.js,249,js,3d795789,Sonya Schloss,2026-05-09,21:06:44,-07:00,2026-05-09T21:06:44-07:00,2,10
meta/meta.js,250,js,3d795789,Sonya Schloss,2026-05-09,21:06:44,-07:00,2026-05-09T21:06:44-07:00,2,52
meta/meta.js,251,js,35546b0b,Sonya Schloss,2026-05-23,16:47:35,-07:00,2026-05-23T16:47:35-07:00,2,22
meta/meta.js,252,js,3d795789,Sonya Schloss,2026-05-09,21:06:44,-07:00,2026-05-09T21:06:44-07:00,2,11
meta/meta.js,253,js,35546b0b,Sonya Schloss,2026-05-23,16:47:35,-07:00,2026-05-23T16:47:35-07:00,0,0
meta/meta.js,254,js,3d795789,Sonya Schloss,2026-05-09,21:06:44,-07:00,2026-05-09T21:06:44-07:00,1,49
meta/meta.js,255,js,3d795789,Sonya Schloss,2026-05-09,21:06:44,-07:00,2026-05-09T21:06:44-07:00,1,2
meta/meta.js,256,js,3d795789,Sonya Schloss,2026-05-09,21:06:44,-07:00,2026-05-09T21:06:44-07:00,2,18
meta/meta.js,257,js,35546b0b,Sonya Schloss,2026-05-23,16:47:35,-07:00,2026-05-23T16:47:35-07:00,2,31
meta/meta.js,258,js,3d795789,Sonya Schloss,2026-05-09,21:06:44,-07:00,2026-05-09T21:06:44-07:00,2,13
meta/meta.js,259,js,3d795789,Sonya Schloss,2026-05-09,21:06:44,-07:00,2026-05-09T21:06:44-07:00,2,36
meta/meta.js,260,js,3d795789,Sonya Schloss,2026-05-09,21:06:44,-07:00,2026-05-09T21:06:44-07:00,2,36
meta/meta.js,261,js,3d795789,Sonya Schloss,2026-05-09,21:06:44,-07:00,2026-05-09T21:06:44-07:00,2,37
meta/meta.js,262,js,3d795789,Sonya Schloss,2026-05-09,21:06:44,-07:00,2026-05-09T21:06:44-07:00,2,24
meta/meta.js,263,js,3d795789,Sonya Schloss,2026-05-09,21:06:44,-07:00,2026-05-09T21:06:44-07:00,2,67
meta/meta.js,264,js,3d795789,Sonya Schloss,2026-05-09,21:06:44,-07:00,2026-05-09T21:06:44-07:00,2,36
meta/meta.js,265,js,3d795789,Sonya Schloss,2026-05-09,21:06:44,-07:00,2026-05-09T21:06:44-07:00,3,79
meta/meta.js,266,js,3d795789,Sonya Schloss,2026-05-09,21:06:44,-07:00,2026-05-09T21:06:44-07:00,3,27
meta/meta.js,267,js,3d795789,Sonya Schloss,2026-05-09,21:06:44,-07:00,2026-05-09T21:06:44-07:00,3,28
meta/meta.js,268,js,3d795789,Sonya Schloss,2026-05-09,21:06:44,-07:00,2026-05-09T21:06:44-07:00,3,27
meta/meta.js,269,js,3d795789,Sonya Schloss,2026-05-09,21:06:44,-07:00,2026-05-09T21:06:44-07:00,2,0
meta/meta.js,270,js,3d795789,Sonya Schloss,2026-05-09,21:06:44,-07:00,2026-05-09T21:06:44-07:00,2,28
meta/meta.js,271,js,3d795789,Sonya Schloss,2026-05-09,21:06:44,-07:00,2026-05-09T21:06:44-07:00,3,56
meta/meta.js,272,js,3d795789,Sonya Schloss,2026-05-09,21:06:44,-07:00,2026-05-09T21:06:44-07:00,3,29
meta/meta.js,273,js,3d795789,Sonya Schloss,2026-05-09,21:06:44,-07:00,2026-05-09T21:06:44-07:00,2,1
meta/meta.js,274,js,3d795789,Sonya Schloss,2026-05-09,21:06:44,-07:00,2026-05-09T21:06:44-07:00,1,23
meta/meta.js,275,js,3d795789,Sonya Schloss,2026-05-09,21:06:44,-07:00,2026-05-09T21:06:44-07:00,1,28
meta/meta.js,276,js,3d795789,Sonya Schloss,2026-05-09,21:06:44,-07:00,2026-05-09T21:06:44-07:00,0,0
meta/meta.js,277,js,35546b0b,Sonya Schloss,2026-05-23,16:47:35,-07:00,2026-05-23T16:47:35-07:00,0,41
meta/meta.js,278,js,35546b0b,Sonya Schloss,2026-05-23,16:47:35,-07:00,2026-05-23T16:47:35-07:00,1,17
meta/meta.js,279,js,35546b0b,Sonya Schloss,2026-05-23,16:47:35,-07:00,2026-05-23T16:47:35-07:00,1,17
meta/meta.js,280,js,35546b0b,Sonya Schloss,2026-05-23,16:47:35,-07:00,2026-05-23T16:47:35-07:00,1,58
meta/meta.js,281,js,35546b0b,Sonya Schloss,2026-05-23,16:47:35,-07:00,2026-05-23T16:47:35-07:00,1,18
meta/meta.js,282,js,35546b0b,Sonya Schloss,2026-05-23,16:47:35,-07:00,2026-05-23T16:47:35-07:00,2,14
meta/meta.js,283,js,35546b0b,Sonya Schloss,2026-05-23,16:47:35,-07:00,2026-05-23T16:47:35-07:00,2,26
meta/meta.js,284,js,35546b0b,Sonya Schloss,2026-05-23,16:47:35,-07:00,2026-05-23T16:47:35-07:00,2,29
meta/meta.js,285,js,35546b0b,Sonya Schloss,2026-05-23,16:47:35,-07:00,2026-05-23T16:47:35-07:00,2,16
meta/meta.js,286,js,35546b0b,Sonya Schloss,2026-05-23,16:47:35,-07:00,2026-05-23T16:47:35-07:00,2,40
meta/meta.js,287,js,35546b0b,Sonya Schloss,2026-05-23,16:47:35,-07:00,2026-05-23T16:47:35-07:00,2,42
meta/meta.js,288,js,35546b0b,Sonya Schloss,2026-05-23,16:47:35,-07:00,2026-05-23T16:47:35-07:00,1,0
meta/meta.js,289,js,35546b0b,Sonya Schloss,2026-05-23,16:47:35,-07:00,2026-05-23T16:47:35-07:00,0,0
meta/meta.js,290,js,35546b0b,Sonya Schloss,2026-05-23,16:47:35,-07:00,2026-05-23T16:47:35-07:00,1,44
meta/meta.js,291,js,35546b0b,Sonya Schloss,2026-05-23,16:47:35,-07:00,2026-05-23T16:47:35-07:00,0,0
meta/meta.js,292,js,35546b0b,Sonya Schloss,2026-05-23,16:47:35,-07:00,2026-05-23T16:47:35-07:00,1,60
meta/meta.js,293,js,35546b0b,Sonya Schloss,2026-05-23,16:47:35,-07:00,2026-05-23T16:47:35-07:00,0,0
meta/meta.js,294,js,35546b0b,Sonya Schloss,2026-05-23,16:47:35,-07:00,2026-05-23T16:47:35-07:00,1,67
meta/meta.js,295,js,35546b0b,Sonya Schloss,2026-05-23,16:47:35,-07:00,2026-05-23T16:47:35-07:00,1,72
meta/meta.js,296,js,35546b0b,Sonya Schloss,2026-05-23,16:47:35,-07:00,2026-05-23T16:47:35-07:00,0,0
meta/meta.js,297,js,35546b0b,Sonya Schloss,2026-05-23,16:47:35,-07:00,2026-05-23T16:47:35-07:00,1,34
meta/meta.js,298,js,35546b0b,Sonya Schloss,2026-05-23,16:47:35,-07:00,2026-05-23T16:47:35-07:00,0,0
meta/meta.js,299,js,35546b0b,Sonya Schloss,2026-05-23,16:47:35,-07:00,2026-05-23T16:47:35-07:00,1,74
meta/meta.js,300,js,35546b0b,Sonya Schloss,2026-05-23,16:47:35,-07:00,2026-05-23T16:47:35-07:00,1,40
meta/meta.js,301,js,35546b0b,Sonya Schloss,2026-05-23,16:47:35,-07:00,2026-05-23T16:47:35-07:00,1,33
meta/meta.js,302,js,35546b0b,Sonya Schloss,2026-05-23,16:47:35,-07:00,2026-05-23T16:47:35-07:00,1,21
meta/meta.js,303,js,3d795789,Sonya Schloss,2026-05-09,21:06:44,-07:00,2026-05-09T21:06:44-07:00,0,0
meta/meta.js,304,js,35546b0b,Sonya Schloss,2026-05-23,16:47:35,-07:00,2026-05-23T16:47:35-07:00,1,32
meta/meta.js,305,js,35546b0b,Sonya Schloss,2026-05-23,16:47:35,-07:00,2026-05-23T16:47:35-07:00,0,0
meta/meta.js,306,js,35546b0b,Sonya Schloss,2026-05-23,16:47:35,-07:00,2026-05-23T16:47:35-07:00,1,59
meta/meta.js,307,js,35546b0b,Sonya Schloss,2026-05-23,16:47:35,-07:00,2026-05-23T16:47:35-07:00,1,2
meta/meta.js,308,js,35546b0b,Sonya Schloss,2026-05-23,16:47:35,-07:00,2026-05-23T16:47:35-07:00,2,18
meta/meta.js,309,js,35546b0b,Sonya Schloss,2026-05-23,16:47:35,-07:00,2026-05-23T16:47:35-07:00,2,31
meta/meta.js,310,js,35546b0b,Sonya Schloss,2026-05-23,16:47:35,-07:00,2026-05-23T16:47:35-07:00,2,13
meta/meta.js,311,js,35546b0b,Sonya Schloss,2026-05-23,16:47:35,-07:00,2026-05-23T16:47:35-07:00,2,36
meta/meta.js,312,js,35546b0b,Sonya Schloss,2026-05-23,16:47:35,-07:00,2026-05-23T16:47:35-07:00,2,36
meta/meta.js,313,js,35546b0b,Sonya Schloss,2026-05-23,16:47:35,-07:00,2026-05-23T16:47:35-07:00,2,37
meta/meta.js,314,js,35546b0b,Sonya Schloss,2026-05-23,16:47:35,-07:00,2026-05-23T16:47:35-07:00,2,24
meta/meta.js,315,js,35546b0b,Sonya Schloss,2026-05-23,16:47:35,-07:00,2026-05-23T16:47:35-07:00,2,66
meta/meta.js,316,js,35546b0b,Sonya Schloss,2026-05-23,16:47:35,-07:00,2026-05-23T16:47:35-07:00,2,36
meta/meta.js,317,js,35546b0b,Sonya Schloss,2026-05-23,16:47:35,-07:00,2026-05-23T16:47:35-07:00,3,79
meta/meta.js,318,js,35546b0b,Sonya Schloss,2026-05-23,16:47:35,-07:00,2026-05-23T16:47:35-07:00,3,27
meta/meta.js,319,js,35546b0b,Sonya Schloss,2026-05-23,16:47:35,-07:00,2026-05-23T16:47:35-07:00,3,28
meta/meta.js,320,js,35546b0b,Sonya Schloss,2026-05-23,16:47:35,-07:00,2026-05-23T16:47:35-07:00,3,27
meta/meta.js,321,js,35546b0b,Sonya Schloss,2026-05-23,16:47:35,-07:00,2026-05-23T16:47:35-07:00,2,0
meta/meta.js,322,js,35546b0b,Sonya Schloss,2026-05-23,16:47:35,-07:00,2026-05-23T16:47:35-07:00,2,28
meta/meta.js,323,js,35546b0b,Sonya Schloss,2026-05-23,16:47:35,-07:00,2026-05-23T16:47:35-07:00,3,56
meta/meta.js,324,js,35546b0b,Sonya Schloss,2026-05-23,16:47:35,-07:00,2026-05-23T16:47:35-07:00,3,29
meta/meta.js,325,js,35546b0b,Sonya Schloss,2026-05-23,16:47:35,-07:00,2026-05-23T16:47:35-07:00,2,1
meta/meta.js,326,js,35546b0b,Sonya Schloss,2026-05-23,16:47:35,-07:00,2026-05-23T16:47:35-07:00,0,0
meta/meta.js,327,js,3d795789,Sonya Schloss,2026-05-09,21:06:44,-07:00,2026-05-09T21:06:44-07:00,0,26
meta/meta.js,328,js,1125f717,Sonya Schloss,2026-05-09,15:13:22,-07:00,2026-05-09T15:13:22-07:00,0,33
meta/meta.js,329,js,35546b0b,Sonya Schloss,2026-05-23,16:47:35,-07:00,2026-05-23T16:47:35-07:00,0,15
meta/meta.js,330,js,35546b0b,Sonya Schloss,2026-05-23,16:47:35,-07:00,2026-05-23T16:47:35-07:00,0,23
meta/meta.js,331,js,35546b0b,Sonya Schloss,2026-05-23,16:47:35,-07:00,2026-05-23T16:47:35-07:00,0,16
meta/meta.js,332,js,35546b0b,Sonya Schloss,2026-05-23,16:47:35,-07:00,2026-05-23T16:47:35-07:00,1,10
meta/meta.js,333,js,35546b0b,Sonya Schloss,2026-05-23,16:47:35,-07:00,2026-05-23T16:47:35-07:00,1,7
meta/meta.js,334,js,35546b0b,Sonya Schloss,2026-05-23,16:47:35,-07:00,2026-05-23T16:47:35-07:00,2,33
meta/meta.js,335,js,35546b0b,Sonya Schloss,2026-05-23,16:47:35,-07:00,2026-05-23T16:47:35-07:00,2,33
meta/meta.js,336,js,35546b0b,Sonya Schloss,2026-05-23,16:47:35,-07:00,2026-05-23T16:47:35-07:00,1,0
meta/meta.js,337,js,35546b0b,Sonya Schloss,2026-05-23,16:47:35,-07:00,2026-05-23T16:47:35-07:00,1,15
meta/meta.js,338,js,35546b0b,Sonya Schloss,2026-05-23,16:47:35,-07:00,2026-05-23T16:47:35-07:00,0,51
meta/meta.js,339,js,35546b0b,Sonya Schloss,2026-05-23,16:47:35,-07:00,2026-05-23T16:47:35-07:00,0,28
meta/meta.js,340,js,35546b0b,Sonya Schloss,2026-05-23,16:47:35,-07:00,2026-05-23T16:47:35-07:00,0,47
meta/meta.js,341,js,35546b0b,Sonya Schloss,2026-05-23,16:47:35,-07:00,2026-05-23T16:47:35-07:00,0,35
meta/meta.js,342,js,35546b0b,Sonya Schloss,2026-05-23,16:47:35,-07:00,2026-05-23T16:47:35-07:00,0,43
meta/meta.js,343,js,35546b0b,Sonya Schloss,2026-05-23,16:47:35,-07:00,2026-05-23T16:47:35-07:00,1,50
meta/meta.js,344,js,35546b0b,Sonya Schloss,2026-05-23,16:47:35,-07:00,2026-05-23T16:47:35-07:00,1,12
meta/meta.js,345,js,35546b0b,Sonya Schloss,2026-05-23,16:47:35,-07:00,2026-05-23T16:47:35-07:00,2,27
meta/meta.js,346,js,35546b0b,Sonya Schloss,2026-05-23,16:47:35,-07:00,2026-05-23T16:47:35-07:00,2,23
meta/meta.js,347,js,35546b0b,Sonya Schloss,2026-05-23,16:47:35,-07:00,2026-05-23T16:47:35-07:00,3,21
meta/meta.js,348,js,35546b0b,Sonya Schloss,2026-05-23,16:47:35,-07:00,2026-05-23T16:47:35-07:00,2,0
meta/meta.js,349,js,35546b0b,Sonya Schloss,2026-05-23,16:47:35,-07:00,2026-05-23T16:47:35-07:00,2,47
meta/meta.js,350,js,35546b0b,Sonya Schloss,2026-05-23,16:47:35,-07:00,2026-05-23T16:47:35-07:00,1,21
meta/meta.js,351,js,35546b0b,Sonya Schloss,2026-05-23,16:47:35,-07:00,2026-05-23T16:47:35-07:00,2,15
meta/meta.js,352,js,35546b0b,Sonya Schloss,2026-05-23,16:47:35,-07:00,2026-05-23T16:47:35-07:00,2,15
meta/meta.js,353,js,35546b0b,Sonya Schloss,2026-05-23,16:47:35,-07:00,2026-05-23T16:47:35-07:00,2,25
meta/meta.js,354,js,35546b0b,Sonya Schloss,2026-05-23,16:47:35,-07:00,2026-05-23T16:47:35-07:00,2,4
meta/meta.js,355,js,35546b0b,Sonya Schloss,2026-05-23,16:47:35,-07:00,2026-05-23T16:47:35-07:00,3,55
meta/meta.js,356,js,35546b0b,Sonya Schloss,2026-05-23,16:47:35,-07:00,2026-05-23T16:47:35-07:00,3,8
meta/meta.js,357,js,35546b0b,Sonya Schloss,2026-05-23,16:47:35,-07:00,2026-05-23T16:47:35-07:00,4,33
meta/meta.js,358,js,35546b0b,Sonya Schloss,2026-05-23,16:47:35,-07:00,2026-05-23T16:47:35-07:00,5,30
meta/meta.js,359,js,35546b0b,Sonya Schloss,2026-05-23,16:47:35,-07:00,2026-05-23T16:47:35-07:00,5,15
meta/meta.js,360,js,35546b0b,Sonya Schloss,2026-05-23,16:47:35,-07:00,2026-05-23T16:47:35-07:00,4,1
meta/meta.js,361,js,35546b0b,Sonya Schloss,2026-05-23,16:47:35,-07:00,2026-05-23T16:47:35-07:00,2,0
meta/meta.js,362,js,35546b0b,Sonya Schloss,2026-05-23,16:47:35,-07:00,2026-05-23T16:47:35-07:00,0,0
meta/meta.js,363,js,35546b0b,Sonya Schloss,2026-05-23,16:47:35,-07:00,2026-05-23T16:47:35-07:00,1,31
meta/meta.js,364,js,35546b0b,Sonya Schloss,2026-05-23,16:47:35,-07:00,2026-05-23T16:47:35-07:00,1,38
meta/meta.js,365,js,35546b0b,Sonya Schloss,2026-05-23,16:47:35,-07:00,2026-05-23T16:47:35-07:00,2,54
meta/meta.js,366,js,35546b0b,Sonya Schloss,2026-05-23,16:47:35,-07:00,2026-05-23T16:47:35-07:00,1,0
meta/meta.js,367,js,35546b0b,Sonya Schloss,2026-05-23,16:47:35,-07:00,2026-05-23T16:47:35-07:00,1,12
meta/meta.js,368,js,35546b0b,Sonya Schloss,2026-05-23,16:47:35,-07:00,2026-05-23T16:47:35-07:00,2,11
meta/meta.js,369,js,35546b0b,Sonya Schloss,2026-05-23,16:47:35,-07:00,2026-05-23T16:47:35-07:00,2,15
meta/meta.js,370,js,35546b0b,Sonya Schloss,2026-05-23,16:47:35,-07:00,2026-05-23T16:47:35-07:00,2,19
meta/meta.js,371,js,35546b0b,Sonya Schloss,2026-05-23,16:47:35,-07:00,2026-05-23T16:47:35-07:00,2,10
meta/meta.js,372,js,35546b0b,Sonya Schloss,2026-05-23,16:47:35,-07:00,2026-05-23T16:47:35-07:00,2,19
meta/meta.js,373,js,35546b0b,Sonya Schloss,2026-05-23,16:47:35,-07:00,2026-05-23T16:47:35-07:00,2,50
meta/meta.js,374,js,35546b0b,Sonya Schloss,2026-05-23,16:47:35,-07:00,2026-05-23T16:47:35-07:00,0,0
meta/meta.js,375,js,35546b0b,Sonya Schloss,2026-05-23,16:47:35,-07:00,2026-05-23T16:47:35-07:00,0,29
meta/meta.js,376,js,35546b0b,Sonya Schloss,2026-05-23,16:47:35,-07:00,2026-05-23T16:47:35-07:00,1,65
meta/meta.js,377,js,35546b0b,Sonya Schloss,2026-05-23,16:47:35,-07:00,2026-05-23T16:47:35-07:00,1,47
meta/meta.js,378,js,35546b0b,Sonya Schloss,2026-05-23,16:47:35,-07:00,2026-05-23T16:47:35-07:00,1,50
meta/meta.js,379,js,35546b0b,Sonya Schloss,2026-05-23,16:47:35,-07:00,2026-05-23T16:47:35-07:00,2,76
meta/meta.js,380,js,35546b0b,Sonya Schloss,2026-05-23,16:47:35,-07:00,2026-05-23T16:47:35-07:00,1,67
meta/meta.js,381,js,35546b0b,Sonya Schloss,2026-05-23,16:47:35,-07:00,2026-05-23T16:47:35-07:00,1,67
meta/meta.js,382,js,35546b0b,Sonya Schloss,2026-05-23,16:47:35,-07:00,2026-05-23T16:47:35-07:00,1,39
meta/meta.js,383,js,35546b0b,Sonya Schloss,2026-05-23,16:47:35,-07:00,2026-05-23T16:47:35-07:00,1,46
meta/meta.js,384,js,35546b0b,Sonya Schloss,2026-05-23,16:47:35,-07:00,2026-05-23T16:47:35-07:00,1,33
meta/meta.js,385,js,35546b0b,Sonya Schloss,2026-05-23,16:47:35,-07:00,2026-05-23T16:47:35-07:00,0,0
meta/meta.js,386,js,1125f717,Sonya Schloss,2026-05-09,15:13:22,-07:00,2026-05-09T15:13:22-07:00,0,0
meta/meta.js,387,js,1125f717,Sonya Schloss,2026-05-09,15:13:22,-07:00,2026-05-09T15:13:22-07:00,0,26
meta/meta.js,388,js,1125f717,Sonya Schloss,2026-05-09,15:13:22,-07:00,2026-05-09T15:13:22-07:00,0,30
meta/meta.js,389,js,3d795789,Sonya Schloss,2026-05-09,21:06:44,-07:00,2026-05-09T21:06:44-07:00,0,20
meta/meta.js,390,js,35546b0b,Sonya Schloss,2026-05-23,16:47:35,-07:00,2026-05-23T16:47:35-07:00,0,31
meta/meta.js,391,js,35546b0b,Sonya Schloss,2026-05-23,16:47:35,-07:00,2026-05-23T16:47:35-07:00,0,19
meta/meta.js,392,js,35546b0b,Sonya Schloss,2026-05-23,16:47:35,-07:00,2026-05-23T16:47:35-07:00,0,40
meta/meta.js,393,js,35546b0b,Sonya Schloss,2026-05-23,16:47:35,-07:00,2026-05-23T16:47:35-07:00,1,45
meta/meta.js,394,js,35546b0b,Sonya Schloss,2026-05-23,16:47:35,-07:00,2026-05-23T16:47:35-07:00,0,0
meta/meta.js,395,js,35546b0b,Sonya Schloss,2026-05-23,16:47:35,-07:00,2026-05-23T16:47:35-07:00,0,25
meta/meta.js,396,js,35546b0b,Sonya Schloss,2026-05-23,16:47:35,-07:00,2026-05-23T16:47:35-07:00,1,17
meta/meta.js,397,js,35546b0b,Sonya Schloss,2026-05-23,16:47:35,-07:00,2026-05-23T16:47:35-07:00,1,12
meta/meta.js,398,js,35546b0b,Sonya Schloss,2026-05-23,16:47:35,-07:00,2026-05-23T16:47:35-07:00,1,10
meta/meta.js,399,js,35546b0b,Sonya Schloss,2026-05-23,16:47:35,-07:00,2026-05-23T16:47:35-07:00,1,20
meta/meta.js,400,js,35546b0b,Sonya Schloss,2026-05-23,16:47:35,-07:00,2026-05-23T16:47:35-07:00,1,4
meta/meta.js,401,js,35546b0b,Sonya Schloss,2026-05-23,16:47:35,-07:00,2026-05-23T16:47:35-07:00,2,9
meta/meta.js,402,js,35546b0b,Sonya Schloss,2026-05-23,16:47:35,-07:00,2026-05-23T16:47:35-07:00,0,36
meta/meta.js,403,js,35546b0b,Sonya Schloss,2026-05-23,16:47:35,-07:00,2026-05-23T16:47:35-07:00,3,16
meta/meta.js,404,js,35546b0b,Sonya Schloss,2026-05-23,16:47:35,-07:00,2026-05-23T16:47:35-07:00,3,17
meta/meta.js,405,js,35546b0b,Sonya Schloss,2026-05-23,16:47:35,-07:00,2026-05-23T16:47:35-07:00,2,2
meta/meta.js,406,js,35546b0b,Sonya Schloss,2026-05-23,16:47:35,-07:00,2026-05-23T16:47:35-07:00,0,42
meta/meta.js,407,js,35546b0b,Sonya Schloss,2026-05-23,16:47:35,-07:00,2026-05-23T16:47:35-07:00,3,72
meta/meta.js,408,js,35546b0b,Sonya Schloss,2026-05-23,16:47:35,-07:00,2026-05-23T16:47:35-07:00,2,4
meta/meta.js,409,js,35546b0b,Sonya Schloss,2026-05-23,16:47:35,-07:00,2026-05-23T16:47:35-07:00,0,38
meta/meta.js,410,js,35546b0b,Sonya Schloss,2026-05-23,16:47:35,-07:00,2026-05-23T16:47:35-07:00,3,9
meta/meta.js,411,js,35546b0b,Sonya Schloss,2026-05-23,16:47:35,-07:00,2026-05-23T16:47:35-07:00,4,6
meta/meta.js,412,js,35546b0b,Sonya Schloss,2026-05-23,16:47:35,-07:00,2026-05-23T16:47:35-07:00,4,14
meta/meta.js,413,js,35546b0b,Sonya Schloss,2026-05-23,16:47:35,-07:00,2026-05-23T16:47:35-07:00,4,12
meta/meta.js,414,js,35546b0b,Sonya Schloss,2026-05-23,16:47:35,-07:00,2026-05-23T16:47:35-07:00,3,6
meta/meta.js,415,js,35546b0b,Sonya Schloss,2026-05-23,16:47:35,-07:00,2026-05-23T16:47:35-07:00,2,6
meta/meta.js,416,js,35546b0b,Sonya Schloss,2026-05-23,16:47:35,-07:00,2026-05-23T16:47:35-07:00,0,65
meta/meta.js,417,js,35546b0b,Sonya Schloss,2026-05-23,16:47:35,-07:00,2026-05-23T16:47:35-07:00,0,0
meta/meta.js,418,js,35546b0b,Sonya Schloss,2026-05-23,16:47:35,-07:00,2026-05-23T16:47:35-07:00,1,0
meta/meta.js,419,js,35546b0b,Sonya Schloss,2026-05-23,16:47:35,-07:00,2026-05-23T16:47:35-07:00,0,30
meta/meta.js,420,js,35546b0b,Sonya Schloss,2026-05-23,16:47:35,-07:00,2026-05-23T16:47:35-07:00,1,49
meta/meta.js,421,js,35546b0b,Sonya Schloss,2026-05-23,16:47:35,-07:00,2026-05-23T16:47:35-07:00,1,67
meta/meta.js,422,js,35546b0b,Sonya Schloss,2026-05-23,16:47:35,-07:00,2026-05-23T16:47:35-07:00,1,67
meta/meta.js,423,js,35546b0b,Sonya Schloss,2026-05-23,16:47:35,-07:00,2026-05-23T16:47:35-07:00,1,39
meta/meta.js,424,js,35546b0b,Sonya Schloss,2026-05-23,16:47:35,-07:00,2026-05-23T16:47:35-07:00,1,46
meta/meta.js,425,js,35546b0b,Sonya Schloss,2026-05-23,16:47:35,-07:00,2026-05-23T16:47:35-07:00,1,33
meta/meta.js,426,js,35546b0b,Sonya Schloss,2026-05-23,16:47:35,-07:00,2026-05-23T16:47:35-07:00,0,0
meta/meta.js,427,js,35546b0b,Sonya Schloss,2026-05-23,16:47:35,-07:00,2026-05-23T16:47:35-07:00,0,0
meta/meta.js,428,js,35546b0b,Sonya Schloss,2026-05-23,16:47:35,-07:00,2026-05-23T16:47:35-07:00,0,27
meta/meta.js,429,js,35546b0b,Sonya Schloss,2026-05-23,16:47:35,-07:00,2026-05-23T16:47:35-07:00,0,6
meta/meta.js,430,js,35546b0b,Sonya Schloss,2026-05-23,16:47:35,-07:00,2026-05-23T16:47:35-07:00,1,6
meta/meta.js,431,js,35546b0b,Sonya Schloss,2026-05-23,16:47:35,-07:00,2026-05-23T16:47:35-07:00,2,22
meta/meta.js,432,js,35546b0b,Sonya Schloss,2026-05-23,16:47:35,-07:00,2026-05-23T16:47:35-07:00,2,23
meta/meta.js,433,js,35546b0b,Sonya Schloss,2026-05-23,16:47:35,-07:00,2026-05-23T16:47:35-07:00,1,0
meta/meta.js,434,js,35546b0b,Sonya Schloss,2026-05-23,16:47:35,-07:00,2026-05-23T16:47:35-07:00,1,24
meta/index.html,1,html,5d2a9d70,Sonya Schloss,2026-05-07,20:27:53,-07:00,2026-05-07T20:27:53-07:00,0,13
meta/index.html,2,html,5d2a9d70,Sonya Schloss,2026-05-07,20:27:53,-07:00,2026-05-07T20:27:53-07:00,0,14
meta/index.html,3,html,35546b0b,Sonya Schloss,2026-05-23,16:47:35,-07:00,2026-05-23T16:47:35-07:00,0,0
meta/index.html,4,html,5d2a9d70,Sonya Schloss,2026-05-07,20:27:53,-07:00,2026-05-07T20:27:53-07:00,0,4
meta/index.html,5,html,5d2a9d70,Sonya Schloss,2026-05-07,20:27:53,-07:00,2026-05-07T20:27:53-07:00,2,20
meta/index.html,6,html,5d2a9d70,Sonya Schloss,2026-05-07,20:27:53,-07:00,2026-05-07T20:27:53-07:00,2,68
meta/index.html,7,html,5d2a9d70,Sonya Schloss,2026-05-07,20:27:53,-07:00,2026-05-07T20:27:53-07:00,2,17
meta/index.html,8,html,5d2a9d70,Sonya Schloss,2026-05-07,20:27:53,-07:00,2026-05-07T20:27:53-07:00,2,41
meta/index.html,9,html,5d2a9d70,Sonya Schloss,2026-05-07,20:27:53,-07:00,2026-05-07T20:27:53-07:00,2,48
meta/index.html,10,html,35546b0b,Sonya Schloss,2026-05-23,16:47:35,-07:00,2026-05-23T16:47:35-07:00,2,45
meta/index.html,11,html,5d2a9d70,Sonya Schloss,2026-05-07,20:27:53,-07:00,2026-05-07T20:27:53-07:00,0,5
meta/index.html,12,html,35546b0b,Sonya Schloss,2026-05-23,16:47:35,-07:00,2026-05-23T16:47:35-07:00,0,0
meta/index.html,13,html,5d2a9d70,Sonya Schloss,2026-05-07,20:27:53,-07:00,2026-05-07T20:27:53-07:00,0,4
meta/index.html,14,html,5d2a9d70,Sonya Schloss,2026-05-07,20:27:53,-07:00,2026-05-07T20:27:53-07:00,2,11
meta/index.html,15,html,5d2a9d70,Sonya Schloss,2026-05-07,20:27:53,-07:00,2026-05-07T20:27:53-07:00,2,61
meta/index.html,16,html,1125f717,Sonya Schloss,2026-05-09,15:13:22,-07:00,2026-05-09T15:13:22-07:00,2,14
meta/index.html,17,html,35546b0b,Sonya Schloss,2026-05-23,16:47:35,-07:00,2026-05-23T16:47:35-07:00,2,34
meta/index.html,18,html,35546b0b,Sonya Schloss,2026-05-23,16:47:35,-07:00,2026-05-23T16:47:35-07:00,4,5
meta/index.html,19,html,35546b0b,Sonya Schloss,2026-05-23,16:47:35,-07:00,2026-05-23T16:47:35-07:00,6,30
meta/index.html,20,html,35546b0b,Sonya Schloss,2026-05-23,16:47:35,-07:00,2026-05-23T16:47:35-07:00,6,71
meta/index.html,21,html,35546b0b,Sonya Schloss,2026-05-23,16:47:35,-07:00,2026-05-23T16:47:35-07:00,4,6
meta/index.html,22,html,35546b0b,Sonya Schloss,2026-05-23,16:47:35,-07:00,2026-05-23T16:47:35-07:00,4,28
meta/index.html,23,html,35546b0b,Sonya Schloss,2026-05-23,16:47:35,-07:00,2026-05-23T16:47:35-07:00,2,4
meta/index.html,24,html,1125f717,Sonya Schloss,2026-05-09,15:13:22,-07:00,2026-05-09T15:13:22-07:00,2,20
meta/index.html,25,html,35546b0b,Sonya Schloss,2026-05-23,16:47:35,-07:00,2026-05-23T16:47:35-07:00,2,18
meta/index.html,26,html,35546b0b,Sonya Schloss,2026-05-23,16:47:35,-07:00,2026-05-23T16:47:35-07:00,4,28
meta/index.html,27,html,35546b0b,Sonya Schloss,2026-05-23,16:47:35,-07:00,2026-05-23T16:47:35-07:00,4,21
meta/index.html,28,html,35546b0b,Sonya Schloss,2026-05-23,16:47:35,-07:00,2026-05-23T16:47:35-07:00,6,29
meta/index.html,29,html,35546b0b,Sonya Schloss,2026-05-23,16:47:35,-07:00,2026-05-23T16:47:35-07:00,6,20
meta/index.html,30,html,35546b0b,Sonya Schloss,2026-05-23,16:47:35,-07:00,2026-05-23T16:47:35-07:00,6,50
meta/index.html,31,html,35546b0b,Sonya Schloss,2026-05-23,16:47:35,-07:00,2026-05-23T16:47:35-07:00,8,13
meta/index.html,32,html,35546b0b,Sonya Schloss,2026-05-23,16:47:35,-07:00,2026-05-23T16:47:35-07:00,8,55
meta/index.html,33,html,35546b0b,Sonya Schloss,2026-05-23,16:47:35,-07:00,2026-05-23T16:47:35-07:00,8,11
meta/index.html,34,html,35546b0b,Sonya Schloss,2026-05-23,16:47:35,-07:00,2026-05-23T16:47:35-07:00,8,24
meta/index.html,35,html,35546b0b,Sonya Schloss,2026-05-23,16:47:35,-07:00,2026-05-23T16:47:35-07:00,8,11
meta/index.html,36,html,35546b0b,Sonya Schloss,2026-05-23,16:47:35,-07:00,2026-05-23T16:47:35-07:00,8,32
meta/index.html,37,html,35546b0b,Sonya Schloss,2026-05-23,16:47:35,-07:00,2026-05-23T16:47:35-07:00,8,13
meta/index.html,38,html,35546b0b,Sonya Schloss,2026-05-23,16:47:35,-07:00,2026-05-23T16:47:35-07:00,8,26
meta/index.html,39,html,35546b0b,Sonya Schloss,2026-05-23,16:47:35,-07:00,2026-05-23T16:47:35-07:00,8,19
meta/index.html,40,html,35546b0b,Sonya Schloss,2026-05-23,16:47:35,-07:00,2026-05-23T16:47:35-07:00,8,25
meta/index.html,41,html,35546b0b,Sonya Schloss,2026-05-23,16:47:35,-07:00,2026-05-23T16:47:35-07:00,6,3
meta/index.html,42,html,35546b0b,Sonya Schloss,2026-05-23,16:47:35,-07:00,2026-05-23T16:47:35-07:00,6,45
meta/index.html,43,html,35546b0b,Sonya Schloss,2026-05-23,16:47:35,-07:00,2026-05-23T16:47:35-07:00,6,45
meta/index.html,44,html,35546b0b,Sonya Schloss,2026-05-23,16:47:35,-07:00,2026-05-23T16:47:35-07:00,4,4
meta/index.html,45,html,35546b0b,Sonya Schloss,2026-05-23,16:47:35,-07:00,2026-05-23T16:47:35-07:00,2,4
meta/index.html,46,html,35546b0b,Sonya Schloss,2026-05-23,16:47:35,-07:00,2026-05-23T16:47:35-07:00,2,13
meta/index.html,47,html,35546b0b,Sonya Schloss,2026-05-23,16:47:35,-07:00,2026-05-23T16:47:35-07:00,4,49
meta/index.html,48,html,35546b0b,Sonya Schloss,2026-05-23,16:47:35,-07:00,2026-05-23T16:47:35-07:00,1,3
meta/index.html,49,html,35546b0b,Sonya Schloss,2026-05-23,16:47:35,-07:00,2026-05-23T16:47:35-07:00,2,2
meta/index.html,50,html,35546b0b,Sonya Schloss,2026-05-23,16:47:35,-07:00,2026-05-23T16:47:35-07:00,3,22
meta/index.html,51,html,35546b0b,Sonya Schloss,2026-05-23,16:47:35,-07:00,2026-05-23T16:47:35-07:00,2,3
meta/index.html,52,html,35546b0b,Sonya Schloss,2026-05-23,16:47:35,-07:00,2026-05-23T16:47:35-07:00,2,32
meta/index.html,53,html,35546b0b,Sonya Schloss,2026-05-23,16:47:35,-07:00,2026-05-23T16:47:35-07:00,1,4
meta/index.html,54,html,35546b0b,Sonya Schloss,2026-05-23,16:47:35,-07:00,2026-05-23T16:47:35-07:00,1,1
meta/index.html,55,html,3d795789,Sonya Schloss,2026-05-09,21:06:44,-07:00,2026-05-09T21:06:44-07:00,2,3
meta/index.html,56,html,5d2a9d70,Sonya Schloss,2026-05-07,20:27:53,-07:00,2026-05-07T20:27:53-07:00,0,5
meta/index.html,57,html,35546b0b,Sonya Schloss,2026-05-23,16:47:35,-07:00,2026-05-23T16:47:35-07:00,0,0
meta/index.html,58,html,5d2a9d70,Sonya Schloss,2026-05-07,20:27:53,-07:00,2026-05-07T20:27:53-07:00,0,5
contact/index.html,1,html,ab15945f,Sonya Schloss,2026-04-02,14:46:03,-07:00,2026-04-02T14:46:03-07:00,0,13
contact/index.html,2,html,ab15945f,Sonya Schloss,2026-04-02,14:46:03,-07:00,2026-04-02T14:46:03-07:00,0,14
contact/index.html,3,html,ab15945f,Sonya Schloss,2026-04-02,14:46:03,-07:00,2026-04-02T14:46:03-07:00,0,4
contact/index.html,4,html,ab15945f,Sonya Schloss,2026-04-02,14:46:03,-07:00,2026-04-02T14:46:03-07:00,2,20
contact/index.html,5,html,ab15945f,Sonya Schloss,2026-04-02,14:46:03,-07:00,2026-04-02T14:46:03-07:00,2,68
contact/index.html,6,html,ab15945f,Sonya Schloss,2026-04-02,14:46:03,-07:00,2026-04-02T14:46:03-07:00,2,20
contact/index.html,7,html,d20a1bfc,Sonya Schloss,2026-04-02,14:53:38,-07:00,2026-04-02T14:53:38-07:00,2,41
contact/index.html,8,html,5a96a71b,Sonya Schloss,2026-04-17,15:35:42,-07:00,2026-04-17T15:35:42-07:00,2,48
contact/index.html,9,html,ab15945f,Sonya Schloss,2026-04-02,14:46:03,-07:00,2026-04-02T14:46:03-07:00,0,5
contact/index.html,10,html,ab15945f,Sonya Schloss,2026-04-02,14:46:03,-07:00,2026-04-02T14:46:03-07:00,0,4
contact/index.html,11,html,5a96a71b,Sonya Schloss,2026-04-17,15:35:42,-07:00,2026-04-17T15:35:42-07:00,2,8
contact/index.html,12,html,ab15945f,Sonya Schloss,2026-04-02,14:46:03,-07:00,2026-04-02T14:46:03-07:00,4,30
contact/index.html,13,html,ab15945f,Sonya Schloss,2026-04-02,14:46:03,-07:00,2026-04-02T14:46:03-07:00,4,43
contact/index.html,14,html,1441ed90,Sonya Schloss,2026-04-03,19:02:01,-07:00,2026-04-03T19:02:01-07:00,4,39
contact/index.html,15,html,5a96a71b,Sonya Schloss,2026-04-17,15:35:42,-07:00,2026-04-17T15:35:42-07:00,4,30
contact/index.html,16,html,d20a1bfc,Sonya Schloss,2026-04-02,14:53:38,-07:00,2026-04-02T14:53:38-07:00,4,63
contact/index.html,17,html,5a96a71b,Sonya Schloss,2026-04-17,15:35:42,-07:00,2026-04-17T15:35:42-07:00,2,8
contact/index.html,18,html,ab15945f,Sonya Schloss,2026-04-02,14:46:03,-07:00,2026-04-02T14:46:03-07:00,2,14
contact/index.html,19,html,7706f286,Sonya Schloss,2026-07-19,12:23:54,-07:00,2026-07-19T12:23:54-07:00,2,44
contact/index.html,20,html,185d69aa,Sonya Schloss,2026-04-09,23:08:50,-07:00,2026-04-09T23:08:50-07:00,4,11
contact/index.html,21,html,ab15945f,Sonya Schloss,2026-04-02,14:46:03,-07:00,2026-04-02T14:46:03-07:00,4,55
contact/index.html,22,html,185d69aa,Sonya Schloss,2026-04-09,23:08:50,-07:00,2026-04-09T23:08:50-07:00,4,6
contact/index.html,23,html,185d69aa,Sonya Schloss,2026-04-09,23:08:50,-07:00,2026-04-09T23:08:50-07:00,4,13
contact/index.html,24,html,ab15945f,Sonya Schloss,2026-04-02,14:46:03,-07:00,2026-04-02T14:46:03-07:00,4,35
contact/index.html,25,html,185d69aa,Sonya Schloss,2026-04-09,23:08:50,-07:00,2026-04-09T23:08:50-07:00,4,6
contact/index.html,26,html,185d69aa,Sonya Schloss,2026-04-09,23:08:50,-07:00,2026-04-09T23:08:50-07:00,4,10
contact/index.html,27,html,ab15945f,Sonya Schloss,2026-04-02,14:46:03,-07:00,2026-04-02T14:46:03-07:00,4,38
contact/index.html,28,html,185d69aa,Sonya Schloss,2026-04-09,23:08:50,-07:00,2026-04-09T23:08:50-07:00,4,6
contact/index.html,29,html,ab15945f,Sonya Schloss,2026-04-02,14:46:03,-07:00,2026-04-02T14:46:03-07:00,4,21
contact/index.html,30,html,ab15945f,Sonya Schloss,2026-04-02,14:46:03,-07:00,2026-04-02T14:46:03-07:00,2,5
contact/index.html,31,html,ab15945f,Sonya Schloss,2026-04-02,14:46:03,-07:00,2026-04-02T14:46:03-07:00,0,5
contact/index.html,32,html,ab15945f,Sonya Schloss,2026-04-02,14:46:03,-07:00,2026-04-02T14:46:03-07:00,0,5
